[{"model": "appointments.user", "pk": 1, "fields": {"password": "pbkdf2_sha256$1000000$VbYB9ehqi0PoVEncRNNZMY$iENKon2lIEhbkLRR0ajCk4OSm+hzhbIk71r4jJrPEDY=", "last_login": "2025-05-10T14:00:08.893Z", "is_superuser": true, "username": "admin", "first_name": "", "last_name": "", "email": "", "is_staff": true, "is_active": false, "date_joined": "2025-04-01T06:08:27.036Z", "user_type": "patient", "phone_number": "", "address": "", "profile_picture": "", "groups": [], "user_permissions": []}}, {"model": "appointments.user", "pk": 2, "fields": {"password": "pbkdf2_sha256$870000$TIBi9jUOtW9EM9naQOmU2d$73S9bps6Q/jB16zQCW2G95najnIuZ2EU0/N6od8t9R0=", "last_login": "2025-04-01T06:55:59.750Z", "is_superuser": false, "username": "Nithin@12", "first_name": "Niya", "last_name": "Boby", "email": "nithin@gmail.com", "is_staff": false, "is_active": true, "date_joined": "2025-04-01T06:55:58.137Z", "user_type": "patient", "phone_number": "06238685241", "address": "wertyuiop", "profile_picture": "profile_pics/images_XMznmmo.jpeg", "groups": [], "user_permissions": []}}, {"model": "appointments.user", "pk": 3, "fields": {"password": "pbkdf2_sha256$1000000$svm8Kc6G146zeQrmwuzDKk$qzP85jrFo9rsynZteI7RGBpVdzl21cdKD9HLQ0fzAP4=", "last_login": "2025-05-14T07:28:59.963Z", "is_superuser": false, "username": "Nisha@12", "first_name": "Nisha", "last_name": "N", "email": "nisha@gmail.com", "is_staff": false, "is_active": true, "date_joined": "2025-04-01T17:56:41.164Z", "user_type": "patient", "phone_number": "7412589630", "address": "padinjaremuriyil", "profile_picture": "profile_pics/images.jpg", "groups": [], "user_permissions": []}}, {"model": "appointments.user", "pk": 4, "fields": {"password": "pbkdf2_sha256$1000000$PMzjFlLVTPpDDSLb2tbyV1$QaJiTo0Cts39eJ5ulsifUF53gFoBCwxQdU2B/wbX9+Y=", "last_login": "2025-04-02T13:19:09.422Z", "is_superuser": false, "username": "Meera@12", "first_name": "Meera", "last_name": "M", "email": "neethuannaboby@gmail.com", "is_staff": false, "is_active": true, "date_joined": "2025-04-02T12:41:06.885Z", "user_type": "patient", "phone_number": "6238685241", "address": "qwertyuiop", "profile_picture": "profile_pics/images_63QwgzG.jpg", "groups": [], "user_permissions": []}}, {"model": "appointments.user", "pk": 6, "fields": {"password": "pbkdf2_sha256$720000$guAc7LffsLfDlJiAsEK2WB$paoK9x+zRDALPeWKaUJG4tSRFSvfaB8aPeanxwhfK20=", "last_login": "2025-04-02T15:29:49.624Z", "is_superuser": true, "username": "root", "first_name": "", "last_name": "", "email": "root@gmail.com", "is_staff": true, "is_active": true, "date_joined": "2025-04-02T15:21:48.803Z", "user_type": "patient", "phone_number": "", "address": "", "profile_picture": "", "groups": [], "user_permissions": []}}, {"model": "appointments.user", "pk": 7, "fields": {"password": "pbkdf2_sha256$1000000$sXaIEprNtcewl5Hy1Tin3J$KEa3FNDp+/BPjxvTpKocKDqnKpaIuNFEAq1EaNaiuTM=", "last_login": "2025-04-07T04:48:10.405Z", "is_superuser": true, "username": "admin1", "first_name": "", "last_name": "", "email": "", "is_staff": true, "is_active": false, "date_joined": "2025-04-06T18:16:32.681Z", "user_type": "patient", "phone_number": "", "address": "", "profile_picture": "", "groups": [], "user_permissions": []}}, {"model": "appointments.user", "pk": 8, "fields": {"password": "pbkdf2_sha256$1000000$X9H7sulgf52GG0VnNUmyhs$NeVDX2e3b5pqR6D8tJ/ESahOFlUm9jQ6Gyl3mocMalg=", "last_login": "2025-04-06T18:23:53.948Z", "is_superuser": false, "username": "dr.niya", "first_name": "Niya", "last_name": "N", "email": "drniya@gmail.com", "is_staff": false, "is_active": true, "date_joined": "2025-04-06T18:23:51.161Z", "user_type": "doctor", "phone_number": "6238685241", "address": "NEW", "profile_picture": "profile_pics/doc2.png", "groups": [], "user_permissions": []}}, {"model": "appointments.user", "pk": 9, "fields": {"password": "pbkdf2_sha256$1000000$DEwsyIHJ3BeIuOP20KR4Ma$8Han8y1eMjUXNaE67Qn+CK490LyuUCzFNuKx+NDWDzM=", "last_login": null, "is_superuser": false, "username": "dr.nisha", "first_name": "Nisha", "last_name": "J", "email": "drnisha@gmail.com", "is_staff": false, "is_active": true, "date_joined": "2025-04-06T18:28:10.106Z", "user_type": "doctor", "phone_number": "1478523690", "address": "New", "profile_picture": "profile_pics/doc5.png", "groups": [], "user_permissions": []}}, {"model": "appointments.user", "pk": 10, "fields": {"password": "pbkdf2_sha256$1000000$6Zts6NlhSH4bT4kDYOw3rT$fdJJp47wyC39YbzRnmiKMtAdhZixzlBYsf5jRN7vi/g=", "last_login": "2025-04-06T19:30:48.300Z", "is_superuser": false, "username": "dr.adam", "first_name": "Adam", "last_name": "A", "email": "adam@gmail.com", "is_staff": false, "is_active": true, "date_joined": "2025-04-06T18:31:20.843Z", "user_type": "doctor", "phone_number": "9632587410", "address": "New", "profile_picture": "profile_pics/doc8.png", "groups": [], "user_permissions": []}}, {"model": "appointments.user", "pk": 11, "fields": {"password": "pbkdf2_sha256$1000000$ZhlaR4U3M4Ve9watQ14Puf$CBnQ79qgK3sfZDQgF/bw1qCk2o3XaPb8dRS08s/Db20=", "last_login": null, "is_superuser": false, "username": "dr.Doctor", "first_name": "Doctor", "last_name": "D", "email": "doctor@gmail.com", "is_staff": false, "is_active": true, "date_joined": "2025-04-06T18:46:22.915Z", "user_type": "doctor", "phone_number": "7412589630", "address": "NEW", "profile_picture": "profile_pics/doc12.png", "groups": [], "user_permissions": []}}, {"model": "appointments.user", "pk": 12, "fields": {"password": "pbkdf2_sha256$1000000$lwMzi7qkJlBHYBxfP3SwZv$6zjkWMPIZd/FHT63CwJjG0DiS6kqu5aH2qt3ayQkZBw=", "last_login": null, "is_superuser": false, "username": "dr.patient", "first_name": "Patient", "last_name": "P", "email": "dr@gmail.com", "is_staff": false, "is_active": true, "date_joined": "2025-04-06T18:49:09.556Z", "user_type": "doctor", "phone_number": "1452789630", "address": "NEW", "profile_picture": "profile_pics/doc1.png", "groups": [], "user_permissions": []}}, {"model": "appointments.user", "pk": 13, "fields": {"password": "pbkdf2_sha256$1000000$eKDinEXgLf3zd94L06ZrXK$CMLA3M0h1cPD4wff9DP7EIHS+N8hFVIog4wDf3ZCeRE=", "last_login": null, "is_superuser": false, "username": "dr.F", "first_name": "f", "last_name": "f", "email": "f@gmail.com", "is_staff": false, "is_active": true, "date_joined": "2025-04-06T18:53:13.026Z", "user_type": "doctor", "phone_number": "7412589630", "address": "g", "profile_picture": "profile_pics/doc7.png", "groups": [], "user_permissions": []}}, {"model": "appointments.user", "pk": 15, "fields": {"password": "pbkdf2_sha256$1000000$i6ZbFXBXYNpvhcgIxkZw80$WO2I3tiohjy4iSElEnYoppEk5QzgUAYgA8uyx8+ux/Q=", "last_login": "2025-04-06T19:00:26.359Z", "is_superuser": false, "username": "User", "first_name": "User", "last_name": "u", "email": "user@gmail.com", "is_staff": false, "is_active": true, "date_joined": "2025-04-06T19:00:24.660Z", "user_type": "patient", "phone_number": "7412589630", "address": "nm", "profile_picture": "profile_pics/doc9.png", "groups": [], "user_permissions": []}}, {"model": "appointments.user", "pk": 16, "fields": {"password": "pbkdf2_sha256$1000000$ny0Yo4xDeWQaAAOPN1IgOD$i6hn3LOHpnfgiDZKd8KDsCZEx8xZ9ta5/rVbG9s85aY=", "last_login": "2025-05-15T15:19:19.628Z", "is_superuser": false, "username": "dr.don", "first_name": "Don", "last_name": "Mehta", "email": "don@gmail.com", "is_staff": false, "is_active": true, "date_joined": "2025-04-06T19:33:32.940Z", "user_type": "doctor", "phone_number": "7412589630", "address": "N", "profile_picture": "profile_pics/doc8_zKK5lUk.png", "groups": [], "user_permissions": []}}, {"model": "appointments.user", "pk": 17, "fields": {"password": "pbkdf2_sha256$1000000$2Yh4AmF1ajDrbiRGDzVzMx$RNJO1pYkS6N+EUUSxID/K2bw6Adz3wtxTUNM3zPDrzI=", "last_login": "2025-05-16T01:08:34.099Z", "is_superuser": false, "username": "don", "first_name": "Ann ", "last_name": "Maria", "email": "annmaria@gmail.com", "is_staff": false, "is_active": true, "date_joined": "2025-04-06T20:43:31.353Z", "user_type": "patient", "phone_number": "1478523690", "address": "m", "profile_picture": "profile_pics/patient4.jpg", "groups": [], "user_permissions": []}}, {"model": "appointments.user", "pk": 20, "fields": {"password": "pbkdf2_sha256$1000000$8mFRFJFTozVxu6V9rPbi6u$fpvG/hwCeKl8X01rzB1/BTRzJSH9c2Q7i2n3x+vnCFE=", "last_login": "2025-05-10T08:49:27.310Z", "is_superuser": false, "username": "sebin", "first_name": "Sebin", "last_name": "gaming", "email": "sebin@gmail.com", "is_staff": false, "is_active": true, "date_joined": "2025-05-10T08:49:26.305Z", "user_type": "patient", "phone_number": "08590490236", "address": "kanjirathinkal House Attappallam Po Kumily\r\nKumily", "profile_picture": "", "groups": [], "user_permissions": []}}, {"model": "appointments.user", "pk": 21, "fields": {"password": "pbkdf2_sha256$1000000$eSBqOg0a5yj10vQGvzzmn7$hJZGhKOhE3uBTZc18Q4RxkW3KeQAACgKYUlHHNChE9k=", "last_login": "2025-05-16T04:42:11.396Z", "is_superuser": true, "username": "admin17", "first_name": "", "last_name": "", "email": "", "is_staff": true, "is_active": true, "date_joined": "2025-05-10T14:20:13.127Z", "user_type": "patient", "phone_number": "", "address": "", "profile_picture": "", "groups": [], "user_permissions": []}}, {"model": "appointments.user", "pk": 26, "fields": {"password": "pbkdf2_sha256$1000000$eAc0gonUV7C1KreuTbTriG$FOx+XqToDY34Ex5DkYcMDvlppQhsEEI9jd1FsGF37hU=", "last_login": "2025-05-15T17:05:21.137Z", "is_superuser": false, "username": "dremilylarson", "first_name": "Emily", "last_name": "Larson", "email": "dremilylarson@gmail.com", "is_staff": false, "is_active": true, "date_joined": "2025-05-10T17:04:25.458Z", "user_type": "doctor", "phone_number": "4715826930", "address": "Larson Family Care Clinic\r\n15 Greenfield Avenue,\r\nIndiranagar, Bangalore – 560038\r\nKarnataka, India", "profile_picture": "profile_pics/doc2_OclocQz.png", "groups": [], "user_permissions": []}}, {"model": "appointments.user", "pk": 27, "fields": {"password": "pbkdf2_sha256$1000000$QubvnCoo4l1RBSTmHrfGso$Zs0yHXP9jZsgLpNwM4s33Ld0uQnQk+hN5pK7Fi1TuwA=", "last_login": "2025-05-15T17:19:02.770Z", "is_superuser": false, "username": "drtimothywhite", "first_name": "Timothy", "last_name": "White", "email": "drtimothywhite@gamil.com", "is_staff": false, "is_active": true, "date_joined": "2025-05-10T17:09:21.162Z", "user_type": "doctor", "phone_number": "9517534620", "address": "Bloom Women’s Health Clinic\r\n3rd Floor, Serenity Plaza\r\nKoregaon Park, Pune – 411001\r\nMaharashtra, India", "profile_picture": "profile_pics/doc8_9pOTzX8.png", "groups": [], "user_permissions": []}}, {"model": "appointments.user", "pk": 28, "fields": {"password": "pbkdf2_sha256$1000000$c9xyri91bgmP26PNKr73st$+R8sRApoxWExRyxPY4vLp5YCssWUza0iTffSPJPIq0A=", "last_login": "2025-05-15T17:17:25.476Z", "is_superuser": false, "username": "drriyanmartinez", "first_name": "Ryan", "last_name": "Martinez", "email": "drriyanmartinez@gmail.com", "is_staff": false, "is_active": true, "date_joined": "2025-05-10T17:13:40.530Z", "user_type": "doctor", "phone_number": "9765432109", "address": "WhiteCare Women's Clinic\r\n2nd Floor, Harmony Health Complex\r\nBanjara Hills, Road No. 12\r\nHyderabad – 500034\r\nTelangana, India", "profile_picture": "profile_pics/doc10.png", "groups": [], "user_permissions": []}}, {"model": "appointments.user", "pk": 30, "fields": {"password": "pbkdf2_sha256$1000000$1FMBjm9xzLAAVOXp8O9sJv$4kP3zzBlB2dCc1N1/MF9iak2DBMikGvzFSJWgPg+f9U=", "last_login": "2025-05-15T17:16:08.659Z", "is_superuser": false, "username": "drzoekelly", "first_name": "Zoe", "last_name": "Kelly", "email": "drzoekelly@gmail.com", "is_staff": false, "is_active": true, "date_joined": "2025-05-10T17:23:30.148Z", "user_type": "doctor", "phone_number": "9244531623", "address": "NeuroCare Advanced Brain & Spine Center\r\n4th Floor, Zenith MedSquare\r\nBaner-Pashan Link Road, Baner\r\nPune – 411045\r\nMaharashtra, India", "profile_picture": "profile_pics/doc11_nSIRNYE.png", "groups": [], "user_permissions": []}}, {"model": "appointments.user", "pk": 31, "fields": {"password": "pbkdf2_sha256$1000000$q2VF2DRQDJecgWiGFHLBhZ$jiZz+Wd6AurdWxGb/F2ox8g9GbMXesolrIDxcwO2who=", "last_login": "2025-05-15T17:14:37.281Z", "is_superuser": false, "username": "drjennifergarcia", "first_name": "Jennifer", "last_name": "Garcia", "email": "drjennifergarcia@gmail.com", "is_staff": false, "is_active": true, "date_joined": "2025-05-10T17:27:27.298Z", "user_type": "doctor", "phone_number": "5824716930", "address": "NeuroVista Specialty Clinic\r\n5th Floor, MedSquare Towers\r\nIndiranagar 100 Feet Road\r\nBangalore – 560038\r\nKarnataka, India", "profile_picture": "profile_pics/doc5_DkDifrS.png", "groups": [], "user_permissions": []}}, {"model": "appointments.user", "pk": 32, "fields": {"password": "pbkdf2_sha256$1000000$bBpaBqR8nTPgYh7KaswSBC$HEK6UU5N9lvOKT8m6GNMDmnyAEgSKPnH+Mpg9YZqk/I=", "last_login": "2025-05-15T17:12:39.943Z", "is_superuser": false, "username": "drandrewwilliams", "first_name": "Andrew", "last_name": "Williams", "email": "drandrewwilliams@gmail.com", "is_staff": false, "is_active": true, "date_joined": "2025-05-10T17:31:24.347Z", "user_type": "doctor", "phone_number": "944561622", "address": "GastroHeal Digestive Care Centre\r\n4th Floor, Lakeview Medical Plaza\r\nAnna Nagar East\r\nChennai – 600102\r\nTamil Nadu, India", "profile_picture": "profile_pics/doc6.png", "groups": [], "user_permissions": []}}, {"model": "appointments.user", "pk": 33, "fields": {"password": "pbkdf2_sha256$1000000$0FEhVzbvwAlXV0O152wYdF$WxHN9AxoacB/lqDatZ6yFc5icoVYa9FPhwfWPj+etco=", "last_login": "2025-05-15T17:11:32.532Z", "is_superuser": false, "username": "drpatrickharris", "first_name": "Patrick", "last_name": "Harris", "email": "drpatrickharris@gmail.com", "is_staff": false, "is_active": true, "date_joined": "2025-05-10T17:34:46.179Z", "user_type": "doctor", "phone_number": "9876522113", "address": "Liver & Gut Wellness Centre\r\n3rd Floor, GreenMed Plaza\r\nKoregaon Park, Lane No. 5\r\nPune – 411001\r\nMaharashtra, India", "profile_picture": "profile_pics/doc12_z1WzYOj.png", "groups": [], "user_permissions": []}}, {"model": "appointments.user", "pk": 34, "fields": {"password": "pbkdf2_sha256$1000000$tggWIT9i41Mv9gYYTikmZH$OugNHc/LIz2nH5LD+0/hyD7ZdjsCJEOo/gA5Mei1zuo=", "last_login": "2025-05-15T17:09:04.856Z", "is_superuser": false, "username": "dravamitchell", "first_name": "Ava", "last_name": "Mitchell", "email": "dravamitchell@gmail.com", "is_staff": false, "is_active": true, "date_joined": "2025-05-10T17:38:08.147Z", "user_type": "doctor", "phone_number": "4716935820", "address": "Radiant Skin & Aesthetics Clinic\r\nSuite 502, Pearl Health Tower\r\nPeddar Road, Mumbai – 400026\r\nMaharashtra, India", "profile_picture": "profile_pics/doc9_PguexCP.png", "groups": [], "user_permissions": []}}, {"model": "appointments.user", "pk": 35, "fields": {"password": "pbkdf2_sha256$1000000$RERThq2kFnfY1ivyYN1sSY$Y//FQF34p9Pri2wZv1jVx9Mae9ht4zf/b4wRQQ+Geqs=", "last_login": "2025-05-15T17:07:41.229Z", "is_superuser": false, "username": "drameliahill", "first_name": "Amelia", "last_name": "Hill", "email": "drameliahill@gmail.com", "is_staff": false, "is_active": true, "date_joined": "2025-05-10T17:41:07.570Z", "user_type": "doctor", "phone_number": "6935824710", "address": "GlowDerm Skin & Hair Clinic\r\n2nd Floor, Sapphire MedPark\r\nJubilee Hills, Road No. 36\r\nHyderabad – 500033\r\nTelangana, India", "profile_picture": "profile_pics/doc15.png", "groups": [], "user_permissions": []}}, {"model": "appointments.user", "pk": 36, "fields": {"password": "pbkdf2_sha256$1000000$vBj6AjGxDdfyNX51bxC9Bf$Np95hlTXVhOmCJn/HGGvsNujUembXII0ZHFW7y0wpoc=", "last_login": "2025-05-16T03:52:18.267Z", "is_superuser": false, "username": "christopherlee", "first_name": "Christopher", "last_name": "Lee", "email": "christopherlee@gmail.com", "is_staff": false, "is_active": true, "date_joined": "2025-05-10T17:44:14.265Z", "user_type": "doctor", "phone_number": "5826934710", "address": "LittleCare Children's Clinic\r\n1st Floor, Sunshine Medical Centre\r\nIndiranagar, 100 Feet Road\r\nBengaluru – 560038\r\nKarnataka, India", "profile_picture": "profile_pics/doc4.png", "groups": [], "user_permissions": []}}, {"model": "appointments.user", "pk": 37, "fields": {"password": "pbkdf2_sha256$1000000$3GGaHrl5Uj7RtzkIYsOD8k$pwBoRlapsgmShCxzOHoVodMzfUXPpyE7i2dYB7+x9cE=", "last_login": "2025-05-16T01:36:19.018Z", "is_superuser": false, "username": "drjefferyking", "first_name": "Jeffrey", "last_name": "King", "email": "drjefferyking@gmail.com", "is_staff": false, "is_active": true, "date_joined": "2025-05-10T17:48:44.739Z", "user_type": "doctor", "phone_number": "6541239870", "address": "BrightSteps Pediatric & Child Wellness Center\r\nUnit 204, Silverline Health Plaza\r\nSector 62, Noida – 201301\r\nUttar Pradesh, India", "profile_picture": "profile_pics/doc10_SgtaWPX.png", "groups": [], "user_permissions": []}}, {"model": "appointments.user", "pk": 38, "fields": {"password": "pbkdf2_sha256$1000000$Jdj3CLDJdbdXFxN9bqAyva$snOp3D2Ko9hDIVekFHTk2k1ztK4+gF5mD5BqSYwOSrw=", "last_login": "2025-05-14T06:41:02.863Z", "is_superuser": false, "username": "angelina", "first_name": "Angelina", "last_name": "Ann", "email": "angelina@gmail.com", "is_staff": false, "is_active": true, "date_joined": "2025-05-14T06:40:59.768Z", "user_type": "patient", "phone_number": "9744531624", "address": "123 Green Valley Road, Near St. Thomas Church, Kochi, Kerala – 682020, India", "profile_picture": "profile_pics/patient_1.jpg", "groups": [], "user_permissions": []}}, {"model": "appointments.user", "pk": 39, "fields": {"password": "pbkdf2_sha256$1000000$4AwqyQjEi6SiH4dkny3Fjn$kTucnmlf0zDE1XOkEBnDr6EQvLw5ja3AeUAqq+G4tHE=", "last_login": "2025-05-16T04:40:58.173Z", "is_superuser": false, "username": "stephen", "first_name": "Stephen", "last_name": "Thomas", "email": "stephen@gmail.com", "is_staff": false, "is_active": true, "date_joined": "2025-05-15T13:55:07.022Z", "user_type": "patient", "phone_number": "6238685241", "address": "Marian College Kuttikkanam (Autonomous)  \r\nPeermade – 685531  \r\nIdukki, Kerala  \r\nIndia", "profile_picture": "profile_pics/patient_3.jpg", "groups": [], "user_permissions": []}}, {"model": "appointments.user", "pk": 40, "fields": {"password": "pbkdf2_sha256$1000000$VK02OlghgCPiZbx9NJQr75$LC922m3P4trtiMpL2+HBUb4dzUi/7/s3Oxtw6is+IjM=", "last_login": "2025-05-16T04:39:43.192Z", "is_superuser": false, "username": "drchloeevans", "first_name": "Chloe", "last_name": "Evans", "email": "drchloeevans@gmail.com", "is_staff": false, "is_active": true, "date_joined": "2025-05-15T17:46:29.393Z", "user_type": "doctor", "phone_number": "1478523690", "address": "Heart & Vascular Clinic\r\n2nd Floor, Trinity Medical Center\r\nMG Road, Ernakulam, Kerala – 682011", "profile_picture": "profile_pics/doc13_A9MklAB.png", "groups": [], "user_permissions": []}}, {"model": "appointments.specialization", "pk": 1, "fields": {"name": "General Physician", "description": "Expert in diagnosing, treating, and preventing illnesses for complete health care.", "icon": "fa-user-md", "created_at": "2025-04-01T18:02:13.435Z", "updated_at": "2025-04-01T18:02:13.435Z"}}, {"model": "appointments.specialization", "pk": 2, "fields": {"name": "Pediatricians", "description": "Specialized in children's health, growth, and disease prevention with compassionate care.", "icon": "fa-user-md", "created_at": "2025-04-01T18:02:52.579Z", "updated_at": "2025-04-01T18:02:52.580Z"}}, {"model": "appointments.specialization", "pk": 3, "fields": {"name": "Neurologist", "description": "Expert in brain, spine, and nervous system disorders, providing advanced diagnostic care.", "icon": "fa-user-md", "created_at": "2025-04-01T18:04:07.657Z", "updated_at": "2025-04-01T18:04:07.657Z"}}, {"model": "appointments.specialization", "pk": 4, "fields": {"name": "Dermatologist", "description": "Specialist in skin, hair, and nail care, treating conditions and enhancing beauty.", "icon": "fa-user-md", "created_at": "2025-04-01T18:04:49.833Z", "updated_at": "2025-04-01T18:04:49.833Z"}}, {"model": "appointments.specialization", "pk": 5, "fields": {"name": "Gynecologist", "description": "Expert in women's reproductive health, pregnancy care, and hormonal wellness.", "icon": "fa-user-md", "created_at": "2025-04-01T18:05:38.440Z", "updated_at": "2025-04-01T18:05:38.441Z"}}, {"model": "appointments.specialization", "pk": 6, "fields": {"name": "Gastroenterologist", "description": "Specialist in digestive health, liver disorders, and gastrointestinal disease treatment.", "icon": "fa-user-md", "created_at": "2025-04-01T18:06:12.172Z", "updated_at": "2025-04-01T18:06:12.172Z"}}, {"model": "appointments.specialization", "pk": 7, "fields": {"name": "Cardiology", "description": "Cardiology is the branch of medicine that deals with the diagnosis and treatment of heart and blood vessel disorders.", "icon": "fa-user-md", "created_at": "2025-05-14T06:33:16.947Z", "updated_at": "2025-05-14T06:33:26.972Z"}}, {"model": "appointments.doctor", "pk": 1, "fields": {"user": 1, "specialization": 4, "experience": 6, "education": "Bachelor’s Degree in Medical Sciences – Harvard University\r\n\r\nMD – Johns Hopkins School of Medicine\r\n\r\nDermatology Residency – Mayo Clinic\r\n\r\nCertifications: Board-certified in Dermatology\r\n\r\nSpecialization: Treating a wide range of skin conditions (medical and cosmetic dermatology)", "bio": "Dr. Jane Doe is a highly experienced dermatologist with over 10 years of expertise in treating a wide range of skin conditions. After completing her medical degree at Harvard University and a dermatology residency at Mayo Clinic, she has gained extensive experience in both medical and cosmetic dermatology. Dr. Doe is passionate about helping her patients achieve healthier, more radiant skin through personalized care and advanced treatments. As a board-certified dermatologist, she continuously stays up-to-date with the latest advancements in skin care to provide the best outcomes for her patients.", "profile_picture": "profile_pics/doc1-DpAa9vNj_F0R5XED.png", "consultation_fee": "1000.00", "is_available": false, "available_days": "", "available_hours": "", "created_at": "2025-04-02T13:18:43.500Z", "updated_at": "2025-05-10T14:15:49.413Z"}}, {"model": "appointments.doctor", "pk": 3, "fields": {"user": 16, "specialization": 3, "experience": 10, "education": "MBBS (Bachelor of Medicine and Bachelor of Surgery)\r\nMaulana Azad Medical College, New Delhi — 2009 – 2014\r\n\r\nMD in General Medicine\r\nAll India Institute of Medical Sciences (AIIMS), New Delhi — 2015 – 2018\r\n\r\nDM in Neurology (Doctorate of Medicine)\r\nNIMHANS (National Institute of Mental Health and Neurosciences), Bangalore — 2019 – 2022\r\n\r\nFellowship in Stroke and Neurocritical Care\r\nCleveland Clinic (Online CME), USA — 2023", "bio": "Dr. Don  Mehta is a highly trained and patient-focused Neurologist with over 10 years of clinical experience in diagnosing and managing a wide spectrum of neurological disorders. After earning his MBBS from Maulana Azad Medical College, he pursued specialization in Internal Medicine at AIIMS, followed by a super-specialty degree in Neurology from the prestigious NIMHANS, Bangalore.\n\nHis expertise spans stroke management, epilepsy, migraine, movement disorders, multiple sclerosis, and neuromuscular diseases. Dr. Mehta is known for his methodical diagnostic approach and his ability to explain complex neurological conditions in simple, reassuring terms.\n\nHe remains committed to lifelong learning and has recently completed a fellowship in Stroke and Neurocritical Care from the Cleveland Clinic. His dedication to cutting-edge research and compassionate care makes him a sought-after neurologist for both acute and chronic neurological care.", "profile_picture": "profile_pics/doc3.png", "consultation_fee": "1000.00", "is_available": true, "available_days": "Monday,Tuesday,Wednesday,Thursday", "available_hours": "09:00-12:00,14:00-17:00", "created_at": "2025-04-06T19:33:36.054Z", "updated_at": "2025-05-10T17:18:38.570Z"}}, {"model": "appointments.doctor", "pk": 8, "fields": {"user": 26, "specialization": 5, "experience": 10, "education": "MBBS (Bachelor of Medicine and Bachelor of Surgery)\r\nLady Hardinge Medical College, New Delhi — 2010 – 2015\r\n\r\nMD in Obstetrics and Gynecology\r\nAll India Institute of Medical Sciences (AIIMS), New Delhi — 2016 – 2019\r\n\r\nFellowship in Reproductive Medicine & IVF\r\nNova IVF Fertility Centre, Bangalore — 2020 – 2021\r\n\r\nDiploma in Laparoscopic Surgery\r\nWorld Laparoscopy Hospital, Gurgaon — 2021\r\n\r\nCertification in Maternal & Fetal Health\r\nHarvard Medical School (Online CME) — 2022", "bio": "Dr. Emily Larson is a board-certified Gynecologist and Obstetrician with over 10 years of experience in women's health. A gold medalist during her MBBS at Lady Hardinge Medical College, she pursued her MD in Obstetrics and Gynecology from AIIMS New Delhi, one of the most prestigious medical institutions in India.\n\nShe specializes in high-risk pregnancies, infertility treatment, PCOS management, minimally invasive gynecologic surgeries, and adolescent health counseling. Dr. Larson has also completed fellowships in Reproductive Medicine and Laparoscopic Surgery, making her a trusted expert in both medical and surgical management of gynecological conditions.\n\nHer patient-first philosophy, gentle communication, and clinical precision have earned her the trust of hundreds of women across all age groups. Dr. Larson is passionate about educating her patients and empowering them to make informed decisions about their reproductive and general health.", "profile_picture": "profile_pics/doc2_oFU9JJz.png", "consultation_fee": "2000.00", "is_available": true, "available_days": "Monday,Tuesday,Wednesday,Thursday,Friday", "available_hours": "09:00-12:00,14:00-17:00", "created_at": "2025-05-10T17:04:26.460Z", "updated_at": "2025-05-10T17:05:59.767Z"}}, {"model": "appointments.doctor", "pk": 9, "fields": {"user": 27, "specialization": 5, "experience": 5, "education": "MBBS (Bachelor of Medicine and Bachelor of Surgery)\r\nGrant Medical College, Mumbai — 2009 – 2014\r\n\r\nMS in Obstetrics and Gynecology\r\nKing Edward Memorial Hospital (KEM), Mumbai — 2015 – 2018\r\n\r\nFellowship in Minimally Invasive Gynecologic Surgery\r\nWorld Laparoscopy Hospital, Gurgaon — 2019\r\n\r\nCertification in Reproductive Endocrinology and Infertility\r\nIndian Fertility Society (IFS), New Delhi — 2021", "bio": "Dr. Timothy White is a dedicated and highly skilled Gynecologist with over 10 years of experience in women's reproductive health. He completed his MBBS at Grant Medical College, Mumbai, followed by a Master’s in Obstetrics and Gynecology at KEM Hospital, where he received extensive training in both routine and complex gynecological cases.\n\nDr. White’s areas of expertise include prenatal care, high-risk pregnancy management, infertility treatment, menstrual disorders, and minimally invasive gynecologic surgeries. He has also received advanced training in reproductive endocrinology, allowing him to provide holistic care to women facing fertility challenges.\n\nRenowned for his professional approach and empathetic communication, Dr. White combines clinical excellence with personalized care. He strongly believes in educating his patients and promoting a supportive environment to ensure their comfort and confidence throughout treatment.", "profile_picture": "profile_pics/doc8_6SYYudd.png", "consultation_fee": "1500.00", "is_available": true, "available_days": "Monday,Tuesday,Wednesday,Thursday,Friday", "available_hours": "09:00-12:00,14:00-17:00", "created_at": "2025-05-10T17:09:22.061Z", "updated_at": "2025-05-10T17:10:57.739Z"}}, {"model": "appointments.doctor", "pk": 10, "fields": {"user": 28, "specialization": 5, "experience": 6, "education": "MBBS (Bachelor of Medicine and Bachelor of Surgery)\r\nMadras Medical College, Chennai — 2010 – 2015\r\n\r\nMS in Obstetrics and Gynecology\r\nChristian Medical College (CMC), Vellore — 2016 – 2019\r\n\r\nFellowship in Assisted Reproductive Technology (ART)\r\nNova IVF Fertility, Bangalore — 2020\r\n\r\nDiploma in Advanced Laparoscopic Gynecology\r\nKiel School of Gynecological Endoscopy, Germany — 2021", "bio": "Dr. Ryan Martinez is a compassionate and accomplished Gynecologist with over 10 years of experience in women's health and reproductive care. He earned his MBBS from Madras Medical College, followed by a Master’s in Obstetrics and Gynecology from the prestigious CMC Vellore. His deep clinical training and continued specialization in reproductive technologies and laparoscopic surgery have made him a trusted name in gynecological care.\n\nDr. Martinez focuses on a wide range of services including fertility treatment, menstrual disorders, high-risk pregnancies, PCOS management, and minimally invasive procedures. With a global perspective from his advanced training in Germany, he brings both innovation and empathy to every patient interaction.\n\nHis approach is rooted in respectful, informative care—empowering women with the knowledge and support they need at every stage of life.", "profile_picture": "profile_pics/doc10_5SA7RDG.png", "consultation_fee": "5200.00", "is_available": true, "available_days": "Monday,Tuesday,Wednesday,Thursday,Friday", "available_hours": "09:00-12:00,14:00-17:00", "created_at": "2025-05-10T17:13:41.334Z", "updated_at": "2025-05-10T17:15:32.487Z"}}, {"model": "appointments.doctor", "pk": 11, "fields": {"user": 30, "specialization": 3, "experience": 8, "education": "MBBS (Bachelor of Medicine and Bachelor of Surgery)\r\nGovernment Medical College, Kozhikode — 2009 – 2014\r\n\r\nMD in General Medicine\r\nPGIMER, Chandigarh — 2015 – 2018\r\n\r\nDM in Neurology (Doctorate of Medicine)\r\nNIMHANS (National Institute of Mental Health and Neurosciences), Bangalore — 2019 – 2022\r\n\r\nFellowship in Epilepsy and Neurophysiology\r\nAIIMS, New Delhi — 2023", "bio": "Dr. Zoe Kelly is a dedicated Neurologist with over a decade of experience in treating a wide range of neurological conditions. After completing her MBBS from Government Medical College, Kozhikode, she pursued her MD in General Medicine at PGIMER, Chandigarh, and then earned a super-specialization in Neurology from NIMHANS, one of India’s premier institutions for neurosciences.\n\nHer clinical interests include epilepsy, Parkinson’s disease, stroke, dementia, headache disorders, and neuromuscular conditions. Dr. Kelly is especially skilled in EEG interpretation, neurodiagnostics, and long-term care for chronic neurological conditions.\n\nKnown for her compassionate and clear communication, she is deeply committed to educating her patients and ensuring they receive holistic and personalized neurological care. She continues to expand her knowledge through fellowships and international collaborations in neurophysiology.", "profile_picture": "profile_pics/doc11_srJx7hV.png", "consultation_fee": "5000.00", "is_available": true, "available_days": "Monday,Tuesday,Wednesday,Thursday,Friday", "available_hours": "09:00-12:00,14:00-17:00", "created_at": "2025-05-10T17:23:31.014Z", "updated_at": "2025-05-10T17:24:52.485Z"}}, {"model": "appointments.doctor", "pk": 12, "fields": {"user": 31, "specialization": 3, "experience": 2, "education": "MBBS (Bachelor of Medicine and Bachelor of Surgery)\r\nSt. John's Medical College, Bangalore — 2009 – 2014\r\n\r\nMD in General Medicine\r\nKasturba Medical College (KMC), Manipal — 2015 – 2018\r\n\r\nDM in Neurology (Doctorate of Medicine)\r\nNational Institute of Mental Health and Neurosciences (NIMHANS), Bangalore — 2019 – 2022\r\n\r\nFellowship in Clinical Neurophysiology & Stroke Management\r\nUniversity College London Hospitals (UCLH), UK — 2023", "bio": "Dr. Jennifer Garcia is a board-certified Neurologist with over 10 years of experience in diagnosing and managing a broad range of neurological disorders. After earning her MBBS from St. John’s Medical College, she completed her MD in General Medicine at KMC Manipal, followed by a DM in Neurology from the prestigious NIMHANS, Bangalore.\n\nShe has specialized expertise in epilepsy, stroke care, multiple sclerosis, headaches, and movement disorders. Her international training at UCLH, UK, in advanced neurophysiology and stroke management has further refined her approach to evidence-based and globally benchmarked care.\n\nDr. Garcia is widely respected for her patient-centered approach, in-depth diagnostic skills, and commitment to continuous learning. She believes in empowering patients through education and collaborative treatment planning, ensuring compassionate care for every individual.", "profile_picture": "profile_pics/doc5_iQjllUf.png", "consultation_fee": "1000.00", "is_available": true, "available_days": "Monday,Tuesday,Wednesday,Thursday,Friday", "available_hours": "09:00-12:00,14:00-17:00", "created_at": "2025-05-10T17:27:28.160Z", "updated_at": "2025-05-10T17:28:49.126Z"}}, {"model": "appointments.doctor", "pk": 13, "fields": {"user": 32, "specialization": 6, "experience": 10, "education": "MBBS (Bachelor of Medicine and Bachelor of Surgery)\r\nStanley Medical College, Chennai — 2008 – 2013\r\n\r\nMD in General Medicine\r\nChristian Medical College (CMC), Vellore — 2014 – 2017\r\n\r\nDM in Gastroenterology\r\nSanjay Gandhi Postgraduate Institute of Medical Sciences (SGPGIMS), Lucknow — 2018 – 2021\r\n\r\nFellowship in Advanced Endoscopy and Hepatology\r\nAsian Institute of Gastroenterology, Hyderabad — 2022", "bio": "Dr. Andrew Williams is an experienced and trusted Gastroenterologist with over a decade of expertise in treating disorders of the digestive system, liver, pancreas, and intestines. After completing his MBBS from Stanley Medical College, he pursued specialization in Internal Medicine at CMC Vellore, followed by a DM in Gastroenterology at the renowned SGPGIMS, Lucknow.\n\nHis areas of interest include acid reflux, IBS, IBD (Crohn’s &amp; ulcerative colitis), liver diseases, endoscopic procedures, and pancreatic disorders. He has also completed an advanced fellowship in therapeutic endoscopy and hepatology, enhancing his capabilities in minimally invasive diagnostics and interventions.\n\nDr. Williams is known for his meticulous approach, empathetic consultations, and up-to-date treatment methods. His patient-first philosophy ensures that each individual receives comprehensive and personalized gastrointestinal care.", "profile_picture": "profile_pics/doc6_1SqXfMY.png", "consultation_fee": "1500.00", "is_available": true, "available_days": "Monday,Tuesday,Wednesday,Thursday,Friday", "available_hours": "09:00-12:00,14:00-17:00", "created_at": "2025-05-10T17:31:25.323Z", "updated_at": "2025-05-10T17:32:32.847Z"}}, {"model": "appointments.doctor", "pk": 14, "fields": {"user": 33, "specialization": 6, "experience": 6, "education": "MBBS (Bachelor of Medicine and Bachelor of Surgery)\r\nGrant Medical College, Mumbai — 2009 – 2014\r\n\r\nMD in General Medicine\r\nSeth GS Medical College & KEM Hospital, Mumbai — 2015 – 2018\r\n\r\nDM in Gastroenterology\r\nAll India Institute of Medical Sciences (AIIMS), New Delhi — 2019 – 2022\r\n\r\nCertificate in Advanced Hepatology\r\nMayo Clinic, USA (Online CME) — 2023", "bio": "Dr. Patrick Harris is a highly qualified Gastroenterologist with over 10 years of clinical experience in treating complex digestive and liver conditions. He completed his MBBS from Grant Medical College, followed by an MD in General Medicine from KEM Hospital, Mumbai. His super-specialization in Gastroenterology was earned at AIIMS, New Delhi, one of India’s top institutes.\n\nHe specializes in liver diseases, inflammatory bowel disease (IBD), GERD, gastrointestinal bleeding, pancreatitis, and endoscopic procedures. With a focus on evidence-based medicine and minimally invasive care, Dr. Harris ensures accurate diagnosis and efficient management of both acute and chronic digestive disorders.\n\nKnown for his compassionate care, clear communication, and updated clinical knowledge, Dr. Harris is committed to delivering personalized gastrointestinal healthcare with precision and empathy.", "profile_picture": "profile_pics/doc12_iS0WCmR.png", "consultation_fee": "4500.00", "is_available": true, "available_days": "Monday,Tuesday,Wednesday,Thursday,Friday", "available_hours": "09:00-12:00,14:00-17:00", "created_at": "2025-05-10T17:34:47.099Z", "updated_at": "2025-05-10T17:36:11.159Z"}}, {"model": "appointments.doctor", "pk": 15, "fields": {"user": 34, "specialization": 4, "experience": 3, "education": "MBBS (Bachelor of Medicine and Bachelor of Surgery)\r\nGrant Medical College & Sir J. J. Group of Hospitals, Mumbai — 2010 – 2015\r\n\r\nMD in Dermatology, Venereology & Leprosy\r\nKEM Hospital, Mumbai — 2016 – 2019\r\n\r\nFellowship in Cosmetic Dermatology & Laser Surgery\r\nAmerican Academy of Dermatology (AAD), USA (Online CME) — 2021\r\n\r\nCertification in Dermoscopy & Clinical Dermatopathology\r\nInstitute of Dermatology, London (Online) — 2022", "bio": "Dr. Ava Mitchell is a board-certified Dermatologist with over 8 years of specialized experience in medical, surgical, and cosmetic skin care. After completing her MBBS at Grant Medical College, Mumbai, she pursued an MD in Dermatology at KEM Hospital, where she trained extensively in managing conditions such as acne, eczema, psoriasis, and complex skin infections.\n\nHer additional fellowships in cosmetic dermatology, laser therapies, and dermoscopy equip her to offer advanced aesthetic treatments—ranging from anti-aging injectables and chemical peels to laser resurfacing and mole mapping. Known for her meticulous clinical assessments and gentle chair-side manner, Dr. Mitchell emphasizes a personalized, evidence-based approach to both restore skin health and enhance natural beauty.\n\nShe regularly contributes to dermatology journals and participates in international conferences to stay at the forefront of emerging therapies and technologies in skincare.", "profile_picture": "profile_pics/doc9_DwPfFEI.png", "consultation_fee": "6000.00", "is_available": true, "available_days": "Monday,Tuesday,Wednesday,Thursday,Friday", "available_hours": "09:00-12:00,14:00-17:00", "created_at": "2025-05-10T17:38:09.285Z", "updated_at": "2025-05-10T17:39:10.032Z"}}, {"model": "appointments.doctor", "pk": 16, "fields": {"user": 35, "specialization": 4, "experience": 5, "education": "MBBS (Bachelor of Medicine and Bachelor of Surgery)\r\nOsmania Medical College, Hyderabad — 2010 – 2015\r\n\r\nMD in Dermatology, Venereology & Leprosy\r\nJIPMER (Jawaharlal Institute of Postgraduate Medical Education & Research), Puducherry — 2016 – 2019\r\n\r\nFellowship in Clinical & Aesthetic Dermatology\r\nNational Skin Centre, Singapore — 2020\r\n\r\nAdvanced Certificate in Laser & Cosmetic Procedures\r\nInternational Academy of Dermatology, Dubai — 2022", "bio": "Dr. Amelia Hill is a skilled and compassionate Dermatologist with over 9 years of experience in diagnosing and treating a wide spectrum of skin, hair, and nail disorders. A graduate of Osmania Medical College, she furthered her specialization with an MD from JIPMER, one of India’s top medical institutes.\n\nShe has expertise in both clinical and cosmetic dermatology, including acne treatment, pigmentation disorders, psoriasis, vitiligo, hair loss, and laser therapies. Her international training has sharpened her skills in anti-aging treatments, chemical peels, microneedling, and scar revision.\n\nDr. Hill is known for her holistic and ethical approach to skin health, combining clinical precision with aesthetic finesse. She takes pride in customizing treatment plans that suit individual skin types and concerns, ensuring natural and lasting results.", "profile_picture": "profile_pics/doc15_rrW4lgg.png", "consultation_fee": "4000.00", "is_available": true, "available_days": "Monday,Tuesday,Wednesday,Thursday,Friday", "available_hours": "09:00-12:00,14:00-17:00", "created_at": "2025-05-10T17:41:08.771Z", "updated_at": "2025-05-10T17:42:12.287Z"}}, {"model": "appointments.doctor", "pk": 17, "fields": {"user": 36, "specialization": 2, "experience": 5, "education": "MBBS (Bachelor of Medicine and Bachelor of Surgery)\r\nBangalore Medical College and Research Institute (BMCRI), Bengaluru — 2008 – 2013\r\n\r\nMD in Pediatrics\r\nPostgraduate Institute of Medical Education and Research (PGIMER), Chandigarh — 2014 – 2017\r\n\r\nFellowship in Pediatric Emergency Medicine\r\nRainbow Children’s Hospital, Hyderabad — 2018\r\n\r\nCertification in Pediatric Nutrition and Development\r\nHarvard Medical School (Online CME) — 2021", "bio": "Dr. Christopher Lee is a dedicated and experienced Pediatrician with over 10 years of clinical practice in child health. He obtained his MBBS from BMCRI, Bengaluru, and completed his postgraduate specialization in Pediatrics from PGIMER, one of India’s leading institutions. He also holds specialized training in pediatric emergency care and child nutrition.\n\nDr. Lee is passionate about providing compassionate, comprehensive, and child-friendly care for infants, toddlers, and teenagers. His areas of interest include newborn care, vaccination, developmental monitoring, childhood infections, and allergies. With his gentle demeanor and strong communication with both children and parents, he fosters a trusting and comfortable environment in his clinic.\n\nHe believes in preventive pediatrics and works closely with parents to promote healthy habits and early developmental support for children.", "profile_picture": "profile_pics/doc4_EcXc0ES.png", "consultation_fee": "2000.00", "is_available": true, "available_days": "Monday,Tuesday,Wednesday,Thursday,Friday", "available_hours": "09:00-12:00,14:00-17:00", "created_at": "2025-05-10T17:44:15.468Z", "updated_at": "2025-05-10T17:45:34.298Z"}}, {"model": "appointments.doctor", "pk": 18, "fields": {"user": 37, "specialization": 2, "experience": 5, "education": "MBBS (Bachelor of Medicine and Bachelor of Surgery)\r\nMaulana Azad Medical College, New Delhi — 2009 – 2014\r\n\r\nMD in Pediatrics\r\nLady Hardinge Medical College & Kalawati Saran Children’s Hospital, New Delhi — 2015 – 2018\r\n\r\nFellowship in Pediatric Pulmonology & Infectious Diseases\r\nChristian Medical College (CMC), Vellore — 2019 – 2020\r\n\r\nAdvanced Certification in Pediatric Growth & Development\r\nUniversity of Melbourne (Online CME) — 2022", "bio": "Dr. Jeffrey King is a board-certified Pediatrician with over 9 years of experience in child healthcare and wellness. A graduate of Maulana Azad Medical College, he pursued his MD in Pediatrics at Lady Hardinge Medical College, one of India’s premier pediatric institutions. He has further trained in pediatric pulmonology and infectious diseases.\n\nDr. King provides expert care in immunizations, asthma and allergy management, developmental screening, common childhood illnesses, and nutritional counseling. He is known for his warm, approachable manner and his ability to build rapport with both children and their parents.\n\nHe strongly believes in preventive care and early intervention, aiming to ensure every child reaches their fullest health and developmental potential.", "profile_picture": "profile_pics/doc10_vjmJWvR.png", "consultation_fee": "2500.00", "is_available": true, "available_days": "Monday,Tuesday,Wednesday,Thursday,Friday", "available_hours": "09:00-12:00,14:00-17:00", "created_at": "2025-05-10T17:48:45.571Z", "updated_at": "2025-05-10T17:50:46.630Z"}}, {"model": "appointments.doctor", "pk": 19, "fields": {"user": 40, "specialization": 7, "experience": 8, "education": "DM in Cardiology – All India Institute of Medical Sciences (AIIMS), New Delhi\r\n\r\nMD in Internal Medicine – Christian Medical College (CMC), Vellore\r\n\r\nMBBS – Government Medical College, Thiruvananthapuram", "bio": "Dr Chloe Evans is a highly experienced and compassionate cardiologist specializing in the diagnosis and treatment of heart diseases. With over a decade of clinical expertise, she is dedicated to providing patient-centered care using the latest advancements in cardiology. Her key areas of interest include interventional cardiology, heart failure management, and preventive cardiac care. She is committed to improving heart health through timely diagnosis, personalized treatment, and patient education.", "profile_picture": "profile_pics/doc13_iTpsLMQ.png", "consultation_fee": "5200.00", "is_available": true, "available_days": "Monday,Tuesday,Wednesday,Thursday,Friday", "available_hours": "09:00-12:00,14:00-17:00", "created_at": "2025-05-15T17:46:33.161Z", "updated_at": "2025-05-15T17:48:28.310Z"}}, {"model": "appointments.workinghours", "pk": 19, "fields": {"doctor": 1, "day_of_week": 6, "start_time": "12:00:00", "end_time": "23:00:00", "appointment_duration": 30, "is_active": false, "created_at": "2025-05-03T18:39:09.854Z"}}, {"model": "appointments.workinghours", "pk": 20, "fields": {"doctor": 1, "day_of_week": 1, "start_time": "09:00:00", "end_time": "10:00:00", "appointment_duration": 30, "is_active": false, "created_at": "2025-05-03T18:42:45.073Z"}}, {"model": "appointments.workinghours", "pk": 21, "fields": {"doctor": 3, "day_of_week": 1, "start_time": "10:00:00", "end_time": "17:00:00", "appointment_duration": 30, "is_active": true, "created_at": "2025-05-05T15:48:19.917Z"}}, {"model": "appointments.workinghours", "pk": 22, "fields": {"doctor": 3, "day_of_week": 0, "start_time": "09:00:00", "end_time": "17:00:00", "appointment_duration": 30, "is_active": false, "created_at": "2025-05-05T15:48:33.892Z"}}, {"model": "appointments.workinghours", "pk": 23, "fields": {"doctor": 12, "day_of_week": 0, "start_time": "09:00:00", "end_time": "18:00:00", "appointment_duration": 30, "is_active": true, "created_at": "2025-05-14T06:30:29.517Z"}}, {"model": "appointments.workinghours", "pk": 24, "fields": {"doctor": 17, "day_of_week": 2, "start_time": "12:00:00", "end_time": "17:00:00", "appointment_duration": 30, "is_active": true, "created_at": "2025-05-15T16:46:20.003Z"}}, {"model": "appointments.workinghours", "pk": 25, "fields": {"doctor": 17, "day_of_week": 0, "start_time": "09:00:00", "end_time": "17:00:00", "appointment_duration": 30, "is_active": true, "created_at": "2025-05-15T16:59:50.010Z"}}, {"model": "appointments.workinghours", "pk": 26, "fields": {"doctor": 17, "day_of_week": 1, "start_time": "09:00:00", "end_time": "17:00:00", "appointment_duration": 30, "is_active": true, "created_at": "2025-05-15T16:59:54.638Z"}}, {"model": "appointments.workinghours", "pk": 27, "fields": {"doctor": 17, "day_of_week": 3, "start_time": "09:00:00", "end_time": "17:00:00", "appointment_duration": 30, "is_active": true, "created_at": "2025-05-15T16:59:59.423Z"}}, {"model": "appointments.workinghours", "pk": 28, "fields": {"doctor": 17, "day_of_week": 4, "start_time": "09:00:00", "end_time": "17:00:00", "appointment_duration": 30, "is_active": true, "created_at": "2025-05-15T17:00:03.303Z"}}, {"model": "appointments.workinghours", "pk": 29, "fields": {"doctor": 17, "day_of_week": 5, "start_time": "09:00:00", "end_time": "17:00:00", "appointment_duration": 30, "is_active": true, "created_at": "2025-05-15T17:00:07.486Z"}}, {"model": "appointments.workinghours", "pk": 30, "fields": {"doctor": 18, "day_of_week": 0, "start_time": "09:00:00", "end_time": "17:00:00", "appointment_duration": 30, "is_active": true, "created_at": "2025-05-15T17:02:49.988Z"}}, {"model": "appointments.workinghours", "pk": 31, "fields": {"doctor": 18, "day_of_week": 1, "start_time": "09:00:00", "end_time": "17:00:00", "appointment_duration": 30, "is_active": true, "created_at": "2025-05-15T17:02:55.180Z"}}, {"model": "appointments.workinghours", "pk": 34, "fields": {"doctor": 8, "day_of_week": 0, "start_time": "09:00:00", "end_time": "17:00:00", "appointment_duration": 30, "is_active": true, "created_at": "2025-05-15T17:05:31.882Z"}}, {"model": "appointments.workinghours", "pk": 35, "fields": {"doctor": 8, "day_of_week": 1, "start_time": "09:00:00", "end_time": "17:00:00", "appointment_duration": 30, "is_active": true, "created_at": "2025-05-15T17:05:35.326Z"}}, {"model": "appointments.workinghours", "pk": 36, "fields": {"doctor": 8, "day_of_week": 2, "start_time": "09:00:00", "end_time": "17:00:00", "appointment_duration": 30, "is_active": true, "created_at": "2025-05-15T17:05:41.138Z"}}, {"model": "appointments.workinghours", "pk": 37, "fields": {"doctor": 8, "day_of_week": 6, "start_time": "09:00:00", "end_time": "17:00:00", "appointment_duration": 30, "is_active": true, "created_at": "2025-05-15T17:05:46.969Z"}}, {"model": "appointments.workinghours", "pk": 38, "fields": {"doctor": 16, "day_of_week": 0, "start_time": "09:00:00", "end_time": "17:00:00", "appointment_duration": 30, "is_active": true, "created_at": "2025-05-15T17:07:51.988Z"}}, {"model": "appointments.workinghours", "pk": 39, "fields": {"doctor": 16, "day_of_week": 1, "start_time": "09:00:00", "end_time": "17:00:00", "appointment_duration": 30, "is_active": true, "created_at": "2025-05-15T17:07:55.233Z"}}, {"model": "appointments.workinghours", "pk": 40, "fields": {"doctor": 16, "day_of_week": 2, "start_time": "09:00:00", "end_time": "17:00:00", "appointment_duration": 30, "is_active": true, "created_at": "2025-05-15T17:07:58.134Z"}}, {"model": "appointments.workinghours", "pk": 41, "fields": {"doctor": 16, "day_of_week": 3, "start_time": "09:00:00", "end_time": "17:00:00", "appointment_duration": 30, "is_active": true, "created_at": "2025-05-15T17:08:01.483Z"}}, {"model": "appointments.workinghours", "pk": 42, "fields": {"doctor": 15, "day_of_week": 0, "start_time": "09:00:00", "end_time": "17:00:00", "appointment_duration": 30, "is_active": true, "created_at": "2025-05-15T17:10:56.513Z"}}, {"model": "appointments.workinghours", "pk": 43, "fields": {"doctor": 15, "day_of_week": 1, "start_time": "09:00:00", "end_time": "17:00:00", "appointment_duration": 30, "is_active": true, "created_at": "2025-05-15T17:11:01.191Z"}}, {"model": "appointments.workinghours", "pk": 44, "fields": {"doctor": 15, "day_of_week": 2, "start_time": "09:00:00", "end_time": "17:00:00", "appointment_duration": 30, "is_active": true, "created_at": "2025-05-15T17:11:04.645Z"}}, {"model": "appointments.workinghours", "pk": 45, "fields": {"doctor": 14, "day_of_week": 6, "start_time": "09:00:00", "end_time": "17:00:00", "appointment_duration": 30, "is_active": true, "created_at": "2025-05-15T17:12:10.981Z"}}, {"model": "appointments.workinghours", "pk": 46, "fields": {"doctor": 14, "day_of_week": 5, "start_time": "09:00:00", "end_time": "17:00:00", "appointment_duration": 30, "is_active": true, "created_at": "2025-05-15T17:12:14.081Z"}}, {"model": "appointments.workinghours", "pk": 47, "fields": {"doctor": 13, "day_of_week": 0, "start_time": "09:00:00", "end_time": "17:00:00", "appointment_duration": 30, "is_active": true, "created_at": "2025-05-15T17:12:50.547Z"}}, {"model": "appointments.workinghours", "pk": 48, "fields": {"doctor": 13, "day_of_week": 1, "start_time": "09:00:00", "end_time": "17:00:00", "appointment_duration": 30, "is_active": true, "created_at": "2025-05-15T17:12:53.877Z"}}, {"model": "appointments.workinghours", "pk": 49, "fields": {"doctor": 13, "day_of_week": 2, "start_time": "09:00:00", "end_time": "17:00:00", "appointment_duration": 30, "is_active": true, "created_at": "2025-05-15T17:12:57.277Z"}}, {"model": "appointments.workinghours", "pk": 50, "fields": {"doctor": 13, "day_of_week": 5, "start_time": "09:00:00", "end_time": "17:00:00", "appointment_duration": 30, "is_active": true, "created_at": "2025-05-15T17:13:01.470Z"}}, {"model": "appointments.workinghours", "pk": 51, "fields": {"doctor": 13, "day_of_week": 6, "start_time": "09:00:00", "end_time": "23:00:00", "appointment_duration": 60, "is_active": true, "created_at": "2025-05-15T17:13:23.914Z"}}, {"model": "appointments.workinghours", "pk": 52, "fields": {"doctor": 12, "day_of_week": 1, "start_time": "09:00:00", "end_time": "17:00:00", "appointment_duration": 30, "is_active": true, "created_at": "2025-05-15T17:14:49.970Z"}}, {"model": "appointments.workinghours", "pk": 53, "fields": {"doctor": 12, "day_of_week": 5, "start_time": "09:00:00", "end_time": "17:00:00", "appointment_duration": 30, "is_active": true, "created_at": "2025-05-15T17:14:53.572Z"}}, {"model": "appointments.workinghours", "pk": 54, "fields": {"doctor": 11, "day_of_week": 4, "start_time": "09:00:00", "end_time": "17:00:00", "appointment_duration": 30, "is_active": true, "created_at": "2025-05-15T17:16:41.706Z"}}, {"model": "appointments.workinghours", "pk": 55, "fields": {"doctor": 11, "day_of_week": 5, "start_time": "09:00:00", "end_time": "17:00:00", "appointment_duration": 30, "is_active": true, "created_at": "2025-05-15T17:16:44.927Z"}}, {"model": "appointments.workinghours", "pk": 56, "fields": {"doctor": 11, "day_of_week": 6, "start_time": "09:00:00", "end_time": "17:00:00", "appointment_duration": 30, "is_active": true, "created_at": "2025-05-15T17:16:48.376Z"}}, {"model": "appointments.workinghours", "pk": 57, "fields": {"doctor": 10, "day_of_week": 6, "start_time": "09:00:00", "end_time": "17:00:00", "appointment_duration": 30, "is_active": true, "created_at": "2025-05-15T17:17:35.748Z"}}, {"model": "appointments.workinghours", "pk": 58, "fields": {"doctor": 10, "day_of_week": 3, "start_time": "09:00:00", "end_time": "17:00:00", "appointment_duration": 30, "is_active": true, "created_at": "2025-05-15T17:17:41.134Z"}}, {"model": "appointments.workinghours", "pk": 59, "fields": {"doctor": 10, "day_of_week": 0, "start_time": "09:00:00", "end_time": "17:00:00", "appointment_duration": 30, "is_active": true, "created_at": "2025-05-15T17:17:46.713Z"}}, {"model": "appointments.workinghours", "pk": 60, "fields": {"doctor": 10, "day_of_week": 2, "start_time": "09:00:00", "end_time": "17:00:00", "appointment_duration": 30, "is_active": true, "created_at": "2025-05-15T17:17:50.202Z"}}, {"model": "appointments.workinghours", "pk": 61, "fields": {"doctor": 9, "day_of_week": 0, "start_time": "09:00:00", "end_time": "17:00:00", "appointment_duration": 30, "is_active": true, "created_at": "2025-05-15T17:19:35.000Z"}}, {"model": "appointments.workinghours", "pk": 62, "fields": {"doctor": 9, "day_of_week": 1, "start_time": "09:00:00", "end_time": "17:00:00", "appointment_duration": 30, "is_active": true, "created_at": "2025-05-15T17:19:38.309Z"}}, {"model": "appointments.workinghours", "pk": 63, "fields": {"doctor": 9, "day_of_week": 2, "start_time": "09:00:00", "end_time": "17:00:00", "appointment_duration": 30, "is_active": true, "created_at": "2025-05-15T17:19:41.148Z"}}, {"model": "appointments.workinghours", "pk": 64, "fields": {"doctor": 9, "day_of_week": 4, "start_time": "09:00:00", "end_time": "17:00:00", "appointment_duration": 30, "is_active": true, "created_at": "2025-05-15T17:19:44.003Z"}}, {"model": "appointments.workinghours", "pk": 65, "fields": {"doctor": 19, "day_of_week": 0, "start_time": "09:00:00", "end_time": "17:00:00", "appointment_duration": 30, "is_active": true, "created_at": "2025-05-15T17:48:34.461Z"}}, {"model": "appointments.workinghours", "pk": 66, "fields": {"doctor": 19, "day_of_week": 1, "start_time": "09:00:00", "end_time": "17:00:00", "appointment_duration": 30, "is_active": true, "created_at": "2025-05-15T17:48:37.591Z"}}, {"model": "appointments.workinghours", "pk": 67, "fields": {"doctor": 19, "day_of_week": 2, "start_time": "09:00:00", "end_time": "17:00:00", "appointment_duration": 30, "is_active": true, "created_at": "2025-05-15T17:48:40.953Z"}}, {"model": "appointments.workinghours", "pk": 68, "fields": {"doctor": 18, "day_of_week": 2, "start_time": "09:00:00", "end_time": "17:00:00", "appointment_duration": 30, "is_active": true, "created_at": "2025-05-16T01:37:07.068Z"}}, {"model": "appointments.workinghours", "pk": 69, "fields": {"doctor": 18, "day_of_week": 3, "start_time": "09:00:00", "end_time": "17:00:00", "appointment_duration": 30, "is_active": true, "created_at": "2025-05-16T01:37:43.675Z"}}, {"model": "appointments.workinghours", "pk": 70, "fields": {"doctor": 18, "day_of_week": 4, "start_time": "09:00:00", "end_time": "17:00:00", "appointment_duration": 30, "is_active": true, "created_at": "2025-05-16T01:37:47.210Z"}}, {"model": "appointments.workinghours", "pk": 72, "fields": {"doctor": 19, "day_of_week": 3, "start_time": "09:00:00", "end_time": "17:00:00", "appointment_duration": 30, "is_active": true, "created_at": "2025-05-16T01:40:06.284Z"}}, {"model": "appointments.workinghours", "pk": 73, "fields": {"doctor": 19, "day_of_week": 4, "start_time": "09:00:00", "end_time": "17:00:00", "appointment_duration": 30, "is_active": true, "created_at": "2025-05-16T01:40:33.043Z"}}, {"model": "appointments.workinghours", "pk": 74, "fields": {"doctor": 19, "day_of_week": 5, "start_time": "09:00:00", "end_time": "17:00:00", "appointment_duration": 30, "is_active": true, "created_at": "2025-05-16T04:40:20.442Z"}}, {"model": "appointments.appointment", "pk": 4, "fields": {"doctor": 3, "patient": 17, "date": "2025-04-15", "time_slot": "14:00-17:00", "status": "confirmed", "response_status": "pending", "payment_status": "pending", "appointment_type": "regular", "is_video_consultation": false, "is_paid": true, "created_at": "2025-04-16T12:02:49.423Z", "updated_at": "2025-04-16T12:13:37.724Z", "is_confirmed": false, "is_cancelled": false, "cancellation_reason": "", "rejection_reason": "", "payment_time": null, "transaction_id": null, "invoice_url": null}}, {"model": "appointments.appointment", "pk": 5, "fields": {"doctor": 3, "patient": 17, "date": "2025-04-14", "time_slot": "14:00-17:00", "status": "rejected", "response_status": "pending", "payment_status": "pending", "appointment_type": "regular", "is_video_consultation": false, "is_paid": false, "created_at": "2025-04-19T08:41:56.953Z", "updated_at": "2025-04-19T08:42:23.443Z", "is_confirmed": false, "is_cancelled": false, "cancellation_reason": "", "rejection_reason": "", "payment_time": null, "transaction_id": null, "invoice_url": null}}, {"model": "appointments.appointment", "pk": 7, "fields": {"doctor": 3, "patient": 17, "date": "2025-05-05", "time_slot": "09:00-12:00", "status": "cancelled", "response_status": "pending", "payment_status": "pending", "appointment_type": "regular", "is_video_consultation": false, "is_paid": false, "created_at": "2025-05-05T15:51:47.325Z", "updated_at": "2025-05-05T15:59:29.844Z", "is_confirmed": false, "is_cancelled": true, "cancellation_reason": "", "rejection_reason": "", "payment_time": null, "transaction_id": null, "invoice_url": null}}, {"model": "appointments.appointment", "pk": 8, "fields": {"doctor": 3, "patient": 17, "date": "2025-05-12", "time_slot": "14:00-17:00", "status": "rejected", "response_status": "pending", "payment_status": "pending", "appointment_type": "regular", "is_video_consultation": false, "is_paid": false, "created_at": "2025-05-07T16:49:57.280Z", "updated_at": "2025-05-07T17:18:22.861Z", "is_confirmed": false, "is_cancelled": false, "cancellation_reason": "", "rejection_reason": "", "payment_time": null, "transaction_id": null, "invoice_url": null}}, {"model": "appointments.appointment", "pk": 9, "fields": {"doctor": 3, "patient": 17, "date": "2025-05-19", "time_slot": "14:00-17:00", "status": "cancelled", "response_status": "pending", "payment_status": "pending", "appointment_type": "regular", "is_video_consultation": false, "is_paid": false, "created_at": "2025-05-07T16:57:33.793Z", "updated_at": "2025-05-07T16:57:33.793Z", "is_confirmed": false, "is_cancelled": true, "cancellation_reason": "", "rejection_reason": "", "payment_time": null, "transaction_id": null, "invoice_url": null}}, {"model": "appointments.appointment", "pk": 11, "fields": {"doctor": 3, "patient": 17, "date": "2025-05-26", "time_slot": "09:00-12:00", "status": "rejected", "response_status": "pending", "payment_status": "pending", "appointment_type": "regular", "is_video_consultation": false, "is_paid": false, "created_at": "2025-05-07T17:01:17.237Z", "updated_at": "2025-05-07T17:18:28.071Z", "is_confirmed": false, "is_cancelled": false, "cancellation_reason": "", "rejection_reason": "", "payment_time": null, "transaction_id": null, "invoice_url": null}}, {"model": "appointments.appointment", "pk": 12, "fields": {"doctor": 3, "patient": 17, "date": "2025-05-06", "time_slot": "09:00-12:00", "status": "accepted", "response_status": "pending", "payment_status": "pending", "appointment_type": "regular", "is_video_consultation": false, "is_paid": false, "created_at": "2025-05-07T17:05:49.769Z", "updated_at": "2025-05-07T17:18:20.008Z", "is_confirmed": false, "is_cancelled": false, "cancellation_reason": "", "rejection_reason": "", "payment_time": null, "transaction_id": null, "invoice_url": null}}, {"model": "appointments.appointment", "pk": 13, "fields": {"doctor": 3, "patient": 17, "date": "2025-05-13", "time_slot": "14:00-17:00", "status": "cancelled", "response_status": "pending", "payment_status": "pending", "appointment_type": "regular", "is_video_consultation": false, "is_paid": false, "created_at": "2025-05-07T17:09:19.419Z", "updated_at": "2025-05-07T17:18:25.504Z", "is_confirmed": false, "is_cancelled": true, "cancellation_reason": "", "rejection_reason": "", "payment_time": null, "transaction_id": null, "invoice_url": null}}, {"model": "appointments.appointment", "pk": 14, "fields": {"doctor": 3, "patient": 17, "date": "2025-05-27", "time_slot": "14:00-17:00", "status": "cancelled", "response_status": "pending", "payment_status": "pending", "appointment_type": "regular", "is_video_consultation": false, "is_paid": false, "created_at": "2025-05-07T17:18:00.612Z", "updated_at": "2025-05-07T17:18:30.257Z", "is_confirmed": false, "is_cancelled": true, "cancellation_reason": "", "rejection_reason": "", "payment_time": null, "transaction_id": null, "invoice_url": null}}, {"model": "appointments.appointment", "pk": 15, "fields": {"doctor": 3, "patient": 17, "date": "2025-07-07", "time_slot": "14:00-17:00", "status": "rejected", "response_status": "pending", "payment_status": "pending", "appointment_type": "regular", "is_video_consultation": false, "is_paid": false, "created_at": "2025-05-10T05:33:35.627Z", "updated_at": "2025-05-10T05:34:11.601Z", "is_confirmed": false, "is_cancelled": false, "cancellation_reason": "", "rejection_reason": "", "payment_time": null, "transaction_id": null, "invoice_url": null}}, {"model": "appointments.appointment", "pk": 16, "fields": {"doctor": 3, "patient": 17, "date": "2025-05-26", "time_slot": "14:00-15:00", "status": "cancelled", "response_status": "pending", "payment_status": "pending", "appointment_type": "regular", "is_video_consultation": false, "is_paid": false, "created_at": "2025-05-10T06:41:05.718Z", "updated_at": "2025-05-10T06:41:31.854Z", "is_confirmed": false, "is_cancelled": true, "cancellation_reason": "", "rejection_reason": "", "payment_time": null, "transaction_id": null, "invoice_url": null}}, {"model": "appointments.appointment", "pk": 17, "fields": {"doctor": 3, "patient": 17, "date": "2025-05-09", "time_slot": "16:00-17:00", "status": "rejected", "response_status": "pending", "payment_status": "pending", "appointment_type": "regular", "is_video_consultation": false, "is_paid": false, "created_at": "2025-05-10T06:42:08.868Z", "updated_at": "2025-05-10T06:43:08.008Z", "is_confirmed": false, "is_cancelled": false, "cancellation_reason": "", "rejection_reason": "", "payment_time": null, "transaction_id": null, "invoice_url": null}}, {"model": "appointments.appointment", "pk": 18, "fields": {"doctor": 3, "patient": 17, "date": "2025-05-09", "time_slot": "10:00-11:00", "status": "accepted", "response_status": "pending", "payment_status": "pending", "appointment_type": "regular", "is_video_consultation": false, "is_paid": false, "created_at": "2025-05-10T06:42:33.572Z", "updated_at": "2025-05-10T06:43:13.809Z", "is_confirmed": false, "is_cancelled": false, "cancellation_reason": "", "rejection_reason": "", "payment_time": null, "transaction_id": null, "invoice_url": null}}, {"model": "appointments.appointment", "pk": 19, "fields": {"doctor": 3, "patient": 17, "date": "2025-05-10", "time_slot": "09:00-10:00", "status": "accepted", "response_status": "pending", "payment_status": "pending", "appointment_type": "regular", "is_video_consultation": false, "is_paid": false, "created_at": "2025-05-10T06:44:32.772Z", "updated_at": "2025-05-10T06:44:58.684Z", "is_confirmed": false, "is_cancelled": false, "cancellation_reason": "", "rejection_reason": "", "payment_time": null, "transaction_id": null, "invoice_url": null}}, {"model": "appointments.appointment", "pk": 21, "fields": {"doctor": 3, "patient": 17, "date": "2025-05-19", "time_slot": "14:00-15:00", "status": "cancelled", "response_status": "pending", "payment_status": "pending", "appointment_type": "regular", "is_video_consultation": false, "is_paid": false, "created_at": "2025-05-10T06:59:17.920Z", "updated_at": "2025-05-10T07:00:04.744Z", "is_confirmed": false, "is_cancelled": true, "cancellation_reason": "", "rejection_reason": "", "payment_time": null, "transaction_id": null, "invoice_url": null}}, {"model": "appointments.appointment", "pk": 23, "fields": {"doctor": 3, "patient": 17, "date": "2025-05-12", "time_slot": "09:00-10:00", "status": "accepted", "response_status": "pending", "payment_status": "pending", "appointment_type": "regular", "is_video_consultation": false, "is_paid": false, "created_at": "2025-05-10T08:42:44.522Z", "updated_at": "2025-05-10T12:44:19.412Z", "is_confirmed": false, "is_cancelled": false, "cancellation_reason": "", "rejection_reason": "", "payment_time": null, "transaction_id": null, "invoice_url": null}}, {"model": "appointments.appointment", "pk": 24, "fields": {"doctor": 3, "patient": 17, "date": "2025-05-29", "time_slot": "09:00-10:00", "status": "paid", "response_status": "pending", "payment_status": "paid", "appointment_type": "regular", "is_video_consultation": false, "is_paid": true, "created_at": "2025-05-10T08:44:43.629Z", "updated_at": "2025-05-11T04:42:31.291Z", "is_confirmed": false, "is_cancelled": false, "cancellation_reason": "", "rejection_reason": "", "payment_time": null, "transaction_id": null, "invoice_url": null}}, {"model": "appointments.appointment", "pk": 25, "fields": {"doctor": 3, "patient": 17, "date": "2025-05-28", "time_slot": "09:00-10:00", "status": "cancelled", "response_status": "pending", "payment_status": "pending", "appointment_type": "followup", "is_video_consultation": false, "is_paid": false, "created_at": "2025-05-10T12:50:49.667Z", "updated_at": "2025-05-10T12:50:49.667Z", "is_confirmed": false, "is_cancelled": true, "cancellation_reason": "", "rejection_reason": "", "payment_time": null, "transaction_id": null, "invoice_url": null}}, {"model": "appointments.appointment", "pk": 26, "fields": {"doctor": 3, "patient": 17, "date": "2025-05-27", "time_slot": "09:00-10:00", "status": "paid", "response_status": "pending", "payment_status": "paid", "appointment_type": "general", "is_video_consultation": false, "is_paid": true, "created_at": "2025-05-10T12:51:12.964Z", "updated_at": "2025-05-11T04:52:21.397Z", "is_confirmed": false, "is_cancelled": false, "cancellation_reason": "", "rejection_reason": "", "payment_time": "2025-05-11T04:52:21.328Z", "transaction_id": "pay_QTUq5WykGuicV4", "invoice_url": "/appointments/26/download-invoice/"}}, {"model": "appointments.appointment", "pk": 27, "fields": {"doctor": 3, "patient": 17, "date": "2025-05-15", "time_slot": "09:00-10:00", "status": "accepted", "response_status": "pending", "payment_status": "pending", "appointment_type": "followup", "is_video_consultation": false, "is_paid": false, "created_at": "2025-05-10T13:09:56.368Z", "updated_at": "2025-05-11T04:51:13.794Z", "is_confirmed": false, "is_cancelled": false, "cancellation_reason": "", "rejection_reason": "", "payment_time": null, "transaction_id": null, "invoice_url": null}}, {"model": "appointments.appointment", "pk": 28, "fields": {"doctor": 3, "patient": 17, "date": "2025-05-29", "time_slot": "10:00-11:00", "status": "cancelled", "response_status": "pending", "payment_status": "pending", "appointment_type": "specialist", "is_video_consultation": false, "is_paid": false, "created_at": "2025-05-10T13:10:38.281Z", "updated_at": "2025-05-10T15:13:38.077Z", "is_confirmed": false, "is_cancelled": false, "cancellation_reason": "", "rejection_reason": "", "payment_time": null, "transaction_id": null, "invoice_url": null}}, {"model": "appointments.appointment", "pk": 29, "fields": {"doctor": 1, "patient": 17, "date": "2025-05-15", "time_slot": "11:00-12:00", "status": "cancelled", "response_status": "pending", "payment_status": "pending", "appointment_type": "followup", "is_video_consultation": false, "is_paid": false, "created_at": "2025-05-10T15:12:33.510Z", "updated_at": "2025-05-13T17:53:18.050Z", "is_confirmed": false, "is_cancelled": false, "cancellation_reason": "", "rejection_reason": "", "payment_time": null, "transaction_id": null, "invoice_url": null}}, {"model": "appointments.appointment", "pk": 30, "fields": {"doctor": 3, "patient": 17, "date": "2025-05-14", "time_slot": "11:00-12:00", "status": "cancelled", "response_status": "pending", "payment_status": "pending", "appointment_type": "specialist", "is_video_consultation": false, "is_paid": false, "created_at": "2025-05-13T17:44:28.620Z", "updated_at": "2025-05-13T17:53:28.012Z", "is_confirmed": false, "is_cancelled": false, "cancellation_reason": "", "rejection_reason": "", "payment_time": null, "transaction_id": null, "invoice_url": null}}, {"model": "appointments.appointment", "pk": 31, "fields": {"doctor": 3, "patient": 17, "date": "2025-05-14", "time_slot": "09:00-09:30", "status": "accepted", "response_status": "pending", "payment_status": "pending", "appointment_type": "general", "is_video_consultation": false, "is_paid": false, "created_at": "2025-05-13T19:26:57.919Z", "updated_at": "2025-05-13T19:27:23.846Z", "is_confirmed": false, "is_cancelled": false, "cancellation_reason": "", "rejection_reason": "", "payment_time": null, "transaction_id": null, "invoice_url": null}}, {"model": "appointments.appointment", "pk": 37, "fields": {"doctor": 12, "patient": 17, "date": "2025-05-14", "time_slot": "12:00-12:30", "status": "paid", "response_status": "pending", "payment_status": "paid", "appointment_type": "specialist", "is_video_consultation": false, "is_paid": true, "created_at": "2025-05-14T06:27:02.841Z", "updated_at": "2025-05-14T06:31:30.265Z", "is_confirmed": false, "is_cancelled": false, "cancellation_reason": "", "rejection_reason": "", "payment_time": "2025-05-14T06:31:30.075Z", "transaction_id": "pay_QUi8Dp3d3ecCLz", "invoice_url": "/appointments/37/download-invoice/"}}, {"model": "appointments.appointment", "pk": 38, "fields": {"doctor": 17, "patient": 39, "date": "2025-05-16", "time_slot": "12:00-13:00", "status": "accepted", "response_status": "pending", "payment_status": "pending", "appointment_type": "general", "is_video_consultation": false, "is_paid": false, "created_at": "2025-05-15T15:16:48.765Z", "updated_at": "2025-05-15T16:38:47.354Z", "is_confirmed": false, "is_cancelled": false, "cancellation_reason": "", "rejection_reason": "", "payment_time": null, "transaction_id": null, "invoice_url": null}}, {"model": "appointments.appointment", "pk": 39, "fields": {"doctor": 19, "patient": 39, "date": "2025-05-19", "time_slot": "09:00-09:30", "status": "accepted", "response_status": "pending", "payment_status": "pending", "appointment_type": "specialist", "is_video_consultation": false, "is_paid": false, "created_at": "2025-05-15T17:53:39.316Z", "updated_at": "2025-05-16T03:45:50.530Z", "is_confirmed": false, "is_cancelled": false, "cancellation_reason": "", "rejection_reason": "", "payment_time": null, "transaction_id": null, "invoice_url": null}}, {"model": "appointments.appointment", "pk": 40, "fields": {"doctor": 19, "patient": 40, "date": "2025-05-28", "time_slot": "11:00-11:30", "status": "pending", "response_status": "pending", "payment_status": "pending", "appointment_type": "followup", "is_video_consultation": false, "is_paid": false, "created_at": "2025-05-16T03:43:58.092Z", "updated_at": "2025-05-16T03:43:58.092Z", "is_confirmed": false, "is_cancelled": false, "cancellation_reason": "", "rejection_reason": "", "payment_time": null, "transaction_id": null, "invoice_url": null}}, {"model": "appointments.appointment", "pk": 41, "fields": {"doctor": 19, "patient": 39, "date": "2025-05-20", "time_slot": "10:30-11:00", "status": "paid", "response_status": "pending", "payment_status": "paid", "appointment_type": "general", "is_video_consultation": false, "is_paid": true, "created_at": "2025-05-16T04:39:10.122Z", "updated_at": "2025-05-16T04:41:48.720Z", "is_confirmed": false, "is_cancelled": false, "cancellation_reason": "", "rejection_reason": "", "payment_time": "2025-05-16T04:41:48.547Z", "transaction_id": "pay_QVTKbpzU4PNKr3", "invoice_url": "/appointments/41/download-invoice/"}}, {"model": "appointments.payment", "pk": 1, "fields": {"appointment": 24, "amount": "1000.00", "tax": "180.00", "total_amount": "1180.00", "transaction_id": "order_QTGQK3UrfHJ2T7", "status": "pending", "payment_method": "", "created_at": "2025-05-10T14:45:52.403Z", "updated_at": "2025-05-10T14:45:55.372Z", "invoice_number": "INV-202505-0001"}}, {"model": "appointments.payment", "pk": 2, "fields": {"appointment": 26, "amount": "1000.00", "tax": "180.00", "total_amount": "1180.00", "transaction_id": "pay_QTUq5WykGuicV4", "status": "completed", "payment_method": "Razorpay", "created_at": "2025-05-11T04:52:21.340Z", "updated_at": "2025-05-11T04:52:21.340Z", "invoice_number": "INV-20250511-IWWQBB"}}, {"model": "appointments.payment", "pk": 3, "fields": {"appointment": 37, "amount": "1000.00", "tax": "180.00", "total_amount": "1180.00", "transaction_id": "pay_QUi8Dp3d3ecCLz", "status": "completed", "payment_method": "Razorpay", "created_at": "2025-05-14T06:31:30.097Z", "updated_at": "2025-05-14T06:31:30.097Z", "invoice_number": "INV-20250514-78FVPQ"}}, {"model": "appointments.payment", "pk": 4, "fields": {"appointment": 41, "amount": "5200.00", "tax": "936.00", "total_amount": "6136.00", "transaction_id": "pay_QVTKbpzU4PNKr3", "status": "completed", "payment_method": "Razorpay", "created_at": "2025-05-16T04:41:48.566Z", "updated_at": "2025-05-16T04:41:48.566Z", "invoice_number": "INV-20250516-SVWGVA"}}, {"model": "appointments.patient", "pk": 1, "fields": {"user": 17, "date_of_birth": null, "gender": null, "blood_group": null, "address": null, "emergency_contact": null, "medical_history": null, "created_at": "2025-04-15T15:23:15.485Z", "updated_at": "2025-04-15T15:23:15.485Z"}}, {"model": "appointments.notification", "pk": 1, "fields": {"recipient": 17, "title": "Appointment Accepted", "message": "Your appointment with Dr. Don D has been accepted.", "notification_type": "appointment", "related_link": "/appointments/7/", "is_read": false, "created_at": "2025-05-05T15:59:29.862Z", "updated_at": "2025-05-05T15:59:29.862Z"}}, {"model": "appointments.notification", "pk": 2, "fields": {"recipient": 16, "title": "New Appointment Request", "message": "don d has requested an appointment on 2025-05-13 at 14:00", "notification_type": "appointment", "related_link": "/appointments/13/", "is_read": false, "created_at": "2025-05-07T17:09:19.448Z", "updated_at": "2025-05-07T17:09:19.448Z"}}, {"model": "appointments.notification", "pk": 3, "fields": {"recipient": 16, "title": "New Appointment Request", "message": "don d has requested an appointment on 2025-05-27 at 14:00", "notification_type": "appointment", "related_link": "/appointments/14/", "is_read": false, "created_at": "2025-05-07T17:18:00.637Z", "updated_at": "2025-05-07T17:18:00.637Z"}}, {"model": "appointments.notification", "pk": 4, "fields": {"recipient": 17, "title": "Appointment Accepted", "message": "Your appointment with Dr. Don D has been accepted.", "notification_type": "appointment", "related_link": "/appointments/12/", "is_read": false, "created_at": "2025-05-07T17:18:20.176Z", "updated_at": "2025-05-07T17:18:20.176Z"}}, {"model": "appointments.notification", "pk": 5, "fields": {"recipient": 17, "title": "Appointment Rejected", "message": "Your appointment with Dr. Don D has been rejected.", "notification_type": "appointment", "related_link": "/appointments/8/", "is_read": false, "created_at": "2025-05-07T17:18:22.876Z", "updated_at": "2025-05-07T17:18:22.876Z"}}, {"model": "appointments.notification", "pk": 6, "fields": {"recipient": 17, "title": "Appointment Accepted", "message": "Your appointment with Dr. Don D has been accepted.", "notification_type": "appointment", "related_link": "/appointments/13/", "is_read": false, "created_at": "2025-05-07T17:18:25.517Z", "updated_at": "2025-05-07T17:18:25.517Z"}}, {"model": "appointments.notification", "pk": 7, "fields": {"recipient": 17, "title": "Appointment Rejected", "message": "Your appointment with Dr. Don D has been rejected.", "notification_type": "appointment", "related_link": "/appointments/11/", "is_read": false, "created_at": "2025-05-07T17:18:28.082Z", "updated_at": "2025-05-07T17:18:28.082Z"}}, {"model": "appointments.notification", "pk": 8, "fields": {"recipient": 17, "title": "Appointment Accepted", "message": "Your appointment with Dr. Don D has been accepted.", "notification_type": "appointment", "related_link": "/appointments/14/", "is_read": false, "created_at": "2025-05-07T17:18:30.413Z", "updated_at": "2025-05-07T17:18:30.413Z"}}, {"model": "appointments.notification", "pk": 9, "fields": {"recipient": 16, "title": "Appointment Cancelled", "message": "Appointment with don d on 2025-05-13 has been cancelled.", "notification_type": "appointment_cancelled", "related_link": "/appointments/13/", "is_read": false, "created_at": "2025-05-07T17:25:46.476Z", "updated_at": "2025-05-07T17:25:46.476Z"}}, {"model": "appointments.notification", "pk": 10, "fields": {"recipient": 17, "title": "Appointment Cancelled", "message": "Your appointment with Dr. Don D on 2025-05-13 has been cancelled.", "notification_type": "appointment_cancelled", "related_link": "/appointments/13/", "is_read": false, "created_at": "2025-05-07T17:25:46.490Z", "updated_at": "2025-05-07T17:25:46.490Z"}}, {"model": "appointments.notification", "pk": 11, "fields": {"recipient": 16, "title": "Appointment Cancelled", "message": "Appointment with don d on 2025-05-13 has been cancelled.", "notification_type": "appointment_cancelled", "related_link": "/appointments/13/", "is_read": false, "created_at": "2025-05-07T17:25:46.519Z", "updated_at": "2025-05-07T17:25:46.519Z"}}, {"model": "appointments.notification", "pk": 12, "fields": {"recipient": 17, "title": "Appointment Cancelled", "message": "Your appointment with Dr. Don D on 2025-05-13 has been cancelled.", "notification_type": "appointment_cancelled", "related_link": "/appointments/13/", "is_read": false, "created_at": "2025-05-07T17:25:46.532Z", "updated_at": "2025-05-07T17:25:46.532Z"}}, {"model": "appointments.notification", "pk": 13, "fields": {"recipient": 16, "title": "New Note From Patient", "message": "You have a new note from don d", "notification_type": "doctor_note", "related_link": "/doctor-notes/", "is_read": false, "created_at": "2025-05-09T16:47:11.455Z", "updated_at": "2025-05-09T16:47:11.455Z"}}, {"model": "appointments.notification", "pk": 14, "fields": {"recipient": 17, "title": "Doctor Reply", "message": "Dr. Don D has replied to your note", "notification_type": "patient_note_reply", "related_link": "/patient-dashboard/", "is_read": false, "created_at": "2025-05-09T16:48:11.950Z", "updated_at": "2025-05-09T16:48:11.951Z"}}, {"model": "appointments.notification", "pk": 15, "fields": {"recipient": 16, "title": "New Note From Patient", "message": "You have a new note from don d", "notification_type": "doctor_note", "related_link": "/doctor-notes/", "is_read": false, "created_at": "2025-05-09T16:54:00.364Z", "updated_at": "2025-05-09T16:54:00.364Z"}}, {"model": "appointments.notification", "pk": 16, "fields": {"recipient": 17, "title": "Doctor Reply", "message": "Dr. Don D has replied to your note", "notification_type": "patient_note_reply", "related_link": "/patient-dashboard/", "is_read": false, "created_at": "2025-05-09T16:55:43.776Z", "updated_at": "2025-05-09T16:55:43.776Z"}}, {"model": "appointments.notification", "pk": 17, "fields": {"recipient": 16, "title": "New Appointment Request", "message": "don d has requested an appointment on 2025-07-07 at 14:00", "notification_type": "appointment", "related_link": "/appointments/15/", "is_read": false, "created_at": "2025-05-10T05:33:35.646Z", "updated_at": "2025-05-10T05:33:35.646Z"}}, {"model": "appointments.notification", "pk": 18, "fields": {"recipient": 17, "title": "Appointment Rejected", "message": "Your appointment with Dr. Don D has been rejected.", "notification_type": "appointment", "related_link": "/appointments/15/", "is_read": false, "created_at": "2025-05-10T05:34:11.620Z", "updated_at": "2025-05-10T05:34:11.620Z"}}, {"model": "appointments.notification", "pk": 19, "fields": {"recipient": 16, "title": "New Appointment Request", "message": "don d has requested an appointment on 2025-05-26 at 14:00", "notification_type": "appointment", "related_link": "/appointments/16/", "is_read": false, "created_at": "2025-05-10T06:41:05.735Z", "updated_at": "2025-05-10T06:41:05.735Z"}}, {"model": "appointments.notification", "pk": 20, "fields": {"recipient": 17, "title": "Appointment Accepted", "message": "Your appointment with Dr. Don D has been accepted.", "notification_type": "appointment", "related_link": "/appointments/16/", "is_read": false, "created_at": "2025-05-10T06:41:31.865Z", "updated_at": "2025-05-10T06:41:31.865Z"}}, {"model": "appointments.notification", "pk": 21, "fields": {"recipient": 16, "title": "New Appointment Request", "message": "don d has requested an appointment on 2025-05-09 at 16:00", "notification_type": "appointment", "related_link": "/appointments/17/", "is_read": false, "created_at": "2025-05-10T06:42:08.885Z", "updated_at": "2025-05-10T06:42:08.885Z"}}, {"model": "appointments.notification", "pk": 22, "fields": {"recipient": 16, "title": "New Appointment Request", "message": "don d has requested an appointment on 2025-05-09 at 10:00", "notification_type": "appointment", "related_link": "/appointments/18/", "is_read": false, "created_at": "2025-05-10T06:42:33.585Z", "updated_at": "2025-05-10T06:42:33.585Z"}}, {"model": "appointments.notification", "pk": 23, "fields": {"recipient": 17, "title": "Appointment Rejected", "message": "Your appointment with Dr. Don D has been rejected.", "notification_type": "appointment", "related_link": "/appointments/17/", "is_read": false, "created_at": "2025-05-10T06:43:08.025Z", "updated_at": "2025-05-10T06:43:08.026Z"}}, {"model": "appointments.notification", "pk": 24, "fields": {"recipient": 17, "title": "Appointment Accepted", "message": "Your appointment with Dr. Don D has been accepted.", "notification_type": "appointment", "related_link": "/appointments/18/", "is_read": false, "created_at": "2025-05-10T06:43:13.824Z", "updated_at": "2025-05-10T06:43:13.824Z"}}, {"model": "appointments.notification", "pk": 26, "fields": {"recipient": 17, "title": "Appointment Cancelled", "message": "Your appointment with Dr. Arjun Patel on 2025-04-08 has been cancelled.", "notification_type": "appointment_cancelled", "related_link": "/appointments/6/", "is_read": false, "created_at": "2025-05-10T06:43:50.213Z", "updated_at": "2025-05-10T06:43:50.214Z"}}, {"model": "appointments.notification", "pk": 27, "fields": {"recipient": 16, "title": "Appointment Cancelled", "message": "Appointment with don d on 2025-05-26 has been cancelled.", "notification_type": "appointment_cancelled", "related_link": "/appointments/16/", "is_read": false, "created_at": "2025-05-10T06:44:06.073Z", "updated_at": "2025-05-10T06:44:06.073Z"}}, {"model": "appointments.notification", "pk": 28, "fields": {"recipient": 17, "title": "Appointment Cancelled", "message": "Your appointment with Dr. Don D on 2025-05-26 has been cancelled.", "notification_type": "appointment_cancelled", "related_link": "/appointments/16/", "is_read": false, "created_at": "2025-05-10T06:44:06.106Z", "updated_at": "2025-05-10T06:44:06.106Z"}}, {"model": "appointments.notification", "pk": 29, "fields": {"recipient": 16, "title": "Appointment Cancelled", "message": "Appointment with don d on 2025-05-26 has been cancelled.", "notification_type": "appointment_cancelled", "related_link": "/appointments/16/", "is_read": false, "created_at": "2025-05-10T06:44:06.164Z", "updated_at": "2025-05-10T06:44:06.165Z"}}, {"model": "appointments.notification", "pk": 30, "fields": {"recipient": 17, "title": "Appointment Cancelled", "message": "Your appointment with Dr. Don D on 2025-05-26 has been cancelled.", "notification_type": "appointment_cancelled", "related_link": "/appointments/16/", "is_read": false, "created_at": "2025-05-10T06:44:06.281Z", "updated_at": "2025-05-10T06:44:06.281Z"}}, {"model": "appointments.notification", "pk": 31, "fields": {"recipient": 16, "title": "New Appointment Request", "message": "don d has requested an appointment on 2025-05-10 at 09:00", "notification_type": "appointment", "related_link": "/appointments/19/", "is_read": false, "created_at": "2025-05-10T06:44:32.784Z", "updated_at": "2025-05-10T06:44:32.784Z"}}, {"model": "appointments.notification", "pk": 32, "fields": {"recipient": 17, "title": "Appointment Accepted", "message": "Your appointment with Dr. Don D has been accepted.", "notification_type": "appointment", "related_link": "/appointments/19/", "is_read": false, "created_at": "2025-05-10T06:44:58.701Z", "updated_at": "2025-05-10T06:44:58.701Z"}}, {"model": "appointments.notification", "pk": 34, "fields": {"recipient": 16, "title": "New Appointment Request", "message": "don d has requested an appointment on 2025-05-19 at 14:00", "notification_type": "appointment", "related_link": "/appointments/21/", "is_read": false, "created_at": "2025-05-10T06:59:17.973Z", "updated_at": "2025-05-10T06:59:17.973Z"}}, {"model": "appointments.notification", "pk": 35, "fields": {"recipient": 17, "title": "Appointment Accepted", "message": "Your appointment with Dr. Don D has been accepted.", "notification_type": "appointment", "related_link": "/appointments/21/", "is_read": false, "created_at": "2025-05-10T07:00:04.755Z", "updated_at": "2025-05-10T07:00:04.755Z"}}, {"model": "appointments.notification", "pk": 36, "fields": {"recipient": 16, "title": "Appointment Cancelled", "message": "Appointment with don d on 2025-05-19 has been cancelled.", "notification_type": "appointment_cancelled", "related_link": "/appointments/21/", "is_read": false, "created_at": "2025-05-10T07:06:36.217Z", "updated_at": "2025-05-10T07:06:36.217Z"}}, {"model": "appointments.notification", "pk": 37, "fields": {"recipient": 17, "title": "Appointment Cancelled", "message": "Your appointment with Dr. Don D on 2025-05-19 has been cancelled.", "notification_type": "appointment_cancelled", "related_link": "/appointments/21/", "is_read": false, "created_at": "2025-05-10T07:06:36.234Z", "updated_at": "2025-05-10T07:06:36.234Z"}}, {"model": "appointments.notification", "pk": 38, "fields": {"recipient": 16, "title": "Appointment Cancelled", "message": "Appointment with don d on 2025-05-19 has been cancelled.", "notification_type": "appointment_cancelled", "related_link": "/appointments/21/", "is_read": false, "created_at": "2025-05-10T07:06:36.221Z", "updated_at": "2025-05-10T07:06:36.221Z"}}, {"model": "appointments.notification", "pk": 39, "fields": {"recipient": 17, "title": "Appointment Cancelled", "message": "Your appointment with Dr. Don D on 2025-05-19 has been cancelled.", "notification_type": "appointment_cancelled", "related_link": "/appointments/21/", "is_read": false, "created_at": "2025-05-10T07:06:36.261Z", "updated_at": "2025-05-10T07:06:36.261Z"}}, {"model": "appointments.notification", "pk": 41, "fields": {"recipient": 16, "title": "New Appointment Request", "message": "don d has requested an appointment on 2025-05-12 at 09:00", "notification_type": "appointment", "related_link": "/appointments/23/", "is_read": false, "created_at": "2025-05-10T08:42:44.530Z", "updated_at": "2025-05-10T08:42:44.530Z"}}, {"model": "appointments.notification", "pk": 43, "fields": {"recipient": 17, "title": "Appointment Cancelled", "message": "Your appointment with Dr. Arjun Patel on 2025-05-13 has been cancelled.", "notification_type": "appointment_cancelled", "related_link": "/appointments/20/", "is_read": false, "created_at": "2025-05-10T08:43:26.124Z", "updated_at": "2025-05-10T08:43:26.124Z"}}, {"model": "appointments.notification", "pk": 44, "fields": {"recipient": 16, "title": "New Appointment Request", "message": "don d has requested an appointment on 2025-05-29 at 09:00", "notification_type": "appointment", "related_link": "/appointments/24/", "is_read": false, "created_at": "2025-05-10T08:44:43.637Z", "updated_at": "2025-05-10T08:44:43.637Z"}}, {"model": "appointments.notification", "pk": 45, "fields": {"recipient": 17, "title": "Appointment Accepted", "message": "Your appointment with Dr. Don D has been accepted.", "notification_type": "appointment", "related_link": "/appointments/24/", "is_read": false, "created_at": "2025-05-10T08:45:40.028Z", "updated_at": "2025-05-10T08:45:40.028Z"}}, {"model": "appointments.notification", "pk": 46, "fields": {"recipient": 17, "title": "Appointment Accepted", "message": "Your appointment with Dr. Don D has been accepted.", "notification_type": "appointment", "related_link": "/appointments/23/", "is_read": false, "created_at": "2025-05-10T12:44:19.426Z", "updated_at": "2025-05-10T12:44:19.426Z"}}, {"model": "appointments.notification", "pk": 47, "fields": {"recipient": 16, "title": "New Appointment Request", "message": "don d has requested an appointment on 2025-05-28 at 09:00", "notification_type": "appointment", "related_link": "/appointments/25/", "is_read": false, "created_at": "2025-05-10T12:50:49.676Z", "updated_at": "2025-05-10T12:50:49.676Z"}}, {"model": "appointments.notification", "pk": 48, "fields": {"recipient": 16, "title": "New Appointment Request", "message": "don d has requested an appointment on 2025-05-27 at 09:00", "notification_type": "appointment", "related_link": "/appointments/26/", "is_read": false, "created_at": "2025-05-10T12:51:12.969Z", "updated_at": "2025-05-10T12:51:12.969Z"}}, {"model": "appointments.notification", "pk": 49, "fields": {"recipient": 16, "title": "New Appointment Request", "message": "don d has requested an appointment on 2025-05-15 at 09:00", "notification_type": "appointment", "related_link": "/appointments/27/", "is_read": false, "created_at": "2025-05-10T13:09:56.392Z", "updated_at": "2025-05-10T13:09:56.392Z"}}, {"model": "appointments.notification", "pk": 50, "fields": {"recipient": 16, "title": "Appointment Cancelled", "message": "Appointment with don d on 2025-05-28 has been cancelled.", "notification_type": "appointment_cancelled", "related_link": "/appointments/25/", "is_read": false, "created_at": "2025-05-10T13:10:06.806Z", "updated_at": "2025-05-10T13:10:06.806Z"}}, {"model": "appointments.notification", "pk": 51, "fields": {"recipient": 17, "title": "Appointment Cancelled", "message": "Your appointment with Dr. Don D on 2025-05-28 has been cancelled.", "notification_type": "appointment_cancelled", "related_link": "/appointments/25/", "is_read": false, "created_at": "2025-05-10T13:10:06.823Z", "updated_at": "2025-05-10T13:10:06.823Z"}}, {"model": "appointments.notification", "pk": 52, "fields": {"recipient": 16, "title": "New Appointment Request", "message": "don d has requested an appointment on 2025-05-29 at 10:00", "notification_type": "appointment", "related_link": "/appointments/28/", "is_read": false, "created_at": "2025-05-10T13:10:38.293Z", "updated_at": "2025-05-10T13:10:38.293Z"}}, {"model": "appointments.notification", "pk": 53, "fields": {"recipient": 1, "title": "Doctor Deleted", "message": "Dr. M M (ID: 2) has been permanently deleted from the system.", "notification_type": "doctor_deleted", "related_link": null, "is_read": false, "created_at": "2025-05-10T14:00:20.246Z", "updated_at": "2025-05-10T14:00:20.246Z"}}, {"model": "appointments.notification", "pk": 54, "fields": {"recipient": 1, "title": "Doctor Deactivated", "message": "Dr.  (ID: 1) has been deactivated.", "notification_type": "doctor_deactivated", "related_link": null, "is_read": false, "created_at": "2025-05-10T14:15:49.469Z", "updated_at": "2025-05-10T14:15:49.469Z"}}, {"model": "appointments.notification", "pk": 55, "fields": {"recipient": 1, "title": "New Appointment Request", "message": "don d has requested an appointment on 2025-05-15 at 11:00", "notification_type": "appointment", "related_link": "/appointments/29/", "is_read": false, "created_at": "2025-05-10T15:12:33.555Z", "updated_at": "2025-05-10T15:12:33.555Z"}}, {"model": "appointments.notification", "pk": 56, "fields": {"recipient": 21, "title": "Doctor Deleted", "message": "Dr. Arjun Patel (ID: 4) has been permanently deleted from the system.", "notification_type": "doctor_deleted", "related_link": null, "is_read": false, "created_at": "2025-05-10T16:52:22.579Z", "updated_at": "2025-05-10T16:52:22.579Z"}}, {"model": "appointments.notification", "pk": 57, "fields": {"recipient": 17, "title": "Appointment Accepted", "message": "Your appointment with Dr. Don Mehta has been accepted.", "notification_type": "appointment", "related_link": "/appointments/27/", "is_read": false, "created_at": "2025-05-11T04:51:13.807Z", "updated_at": "2025-05-11T04:51:13.807Z"}}, {"model": "appointments.notification", "pk": 58, "fields": {"recipient": 17, "title": "Appointment Accepted", "message": "Your appointment with Dr. Don Mehta has been accepted.", "notification_type": "appointment", "related_link": "/appointments/26/", "is_read": false, "created_at": "2025-05-11T04:51:16.532Z", "updated_at": "2025-05-11T04:51:16.532Z"}}, {"model": "appointments.notification", "pk": 59, "fields": {"recipient": 17, "title": "Payment Successful", "message": "Your payment for appointment with Dr. Don Mehta has been completed successfully.", "notification_type": "system", "related_link": "/appointments/26/", "is_read": false, "created_at": "2025-05-11T04:52:21.410Z", "updated_at": "2025-05-11T04:52:21.410Z"}}, {"model": "appointments.notification", "pk": 60, "fields": {"recipient": 16, "title": "Payment Received", "message": "Payment received from don d for appointment on 2025-05-27.", "notification_type": "system", "related_link": "/appointments/26/", "is_read": false, "created_at": "2025-05-11T04:52:21.420Z", "updated_at": "2025-05-11T04:52:21.420Z"}}, {"model": "appointments.notification", "pk": 61, "fields": {"recipient": 16, "title": "New Appointment Request", "message": "don d has requested an appointment on 2025-05-14 at 11:00", "notification_type": "appointment", "related_link": "/appointments/30/", "is_read": false, "created_at": "2025-05-13T17:44:28.636Z", "updated_at": "2025-05-13T17:44:28.636Z"}}, {"model": "appointments.notification", "pk": 62, "fields": {"recipient": 17, "title": "Appointment Accepted", "message": "Your appointment with Dr. Don Mehta has been accepted.", "notification_type": "appointment", "related_link": "/appointments/31/", "is_read": false, "created_at": "2025-05-13T19:27:23.858Z", "updated_at": "2025-05-13T19:27:23.858Z"}}, {"model": "appointments.notification", "pk": 63, "fields": {"recipient": 17, "title": "Appointment Accepted", "message": "Your appointment with Dr. Jennifer Garcia has been accepted.", "notification_type": "appointment", "related_link": "/appointments/37/", "is_read": false, "created_at": "2025-05-14T06:30:09.830Z", "updated_at": "2025-05-14T06:30:09.830Z"}}, {"model": "appointments.notification", "pk": 64, "fields": {"recipient": 17, "title": "Payment Successful", "message": "Your payment for appointment with Dr. Jennifer Garcia has been completed successfully.", "notification_type": "system", "related_link": "/appointments/37/", "is_read": false, "created_at": "2025-05-14T06:31:30.273Z", "updated_at": "2025-05-14T06:31:30.273Z"}}, {"model": "appointments.notification", "pk": 65, "fields": {"recipient": 31, "title": "Payment Received", "message": "Payment received from don d for appointment on 2025-05-14.", "notification_type": "system", "related_link": "/appointments/37/", "is_read": false, "created_at": "2025-05-14T06:31:30.281Z", "updated_at": "2025-05-14T06:31:30.281Z"}}, {"model": "appointments.notification", "pk": 66, "fields": {"recipient": 39, "title": "Appointment Accepted", "message": "Your appointment with Dr. Christopher Lee has been accepted.", "notification_type": "appointment", "related_link": "/appointments/38/", "is_read": false, "created_at": "2025-05-15T15:20:29.548Z", "updated_at": "2025-05-15T15:20:29.548Z"}}, {"model": "appointments.notification", "pk": 67, "fields": {"recipient": 36, "title": "New Note From Patient", "message": "You have a new note from Stephen Thomas", "notification_type": "doctor_note", "related_link": "/doctor-notes/", "is_read": false, "created_at": "2025-05-15T16:44:43.109Z", "updated_at": "2025-05-15T16:44:43.109Z"}}, {"model": "appointments.notification", "pk": 68, "fields": {"recipient": 39, "title": "Doctor Reply", "message": "Dr. Christopher Lee has replied to your note", "notification_type": "patient_note_reply", "related_link": "/patient-dashboard/#doctor-notes", "is_read": false, "created_at": "2025-05-15T16:46:02.494Z", "updated_at": "2025-05-15T16:46:02.494Z"}}, {"model": "appointments.notification", "pk": 69, "fields": {"recipient": 21, "title": "Doctor Deleted", "message": "Dr. Chloe Evans (ID: 7) has been permanently deleted from the system.", "notification_type": "doctor_deleted", "related_link": null, "is_read": false, "created_at": "2025-05-15T17:41:18.547Z", "updated_at": "2025-05-15T17:41:18.547Z"}}, {"model": "appointments.notification", "pk": 70, "fields": {"recipient": 21, "title": "Doctor Deleted", "message": "Dr. Christopher Davis (ID: 6) has been permanently deleted from the system.", "notification_type": "doctor_deleted", "related_link": null, "is_read": false, "created_at": "2025-05-15T17:42:21.952Z", "updated_at": "2025-05-15T17:42:21.952Z"}}, {"model": "appointments.notification", "pk": 71, "fields": {"recipient": 21, "title": "Doctor Deleted", "message": "Dr. Richard James (ID: 5) has been permanently deleted from the system.", "notification_type": "doctor_deleted", "related_link": null, "is_read": false, "created_at": "2025-05-15T17:42:57.870Z", "updated_at": "2025-05-15T17:42:57.870Z"}}, {"model": "appointments.notification", "pk": 72, "fields": {"recipient": 39, "title": "Appointment Accepted", "message": "Your appointment with Dr. Chloe Evans has been accepted.", "notification_type": "appointment", "related_link": "/appointments/39/", "is_read": false, "created_at": "2025-05-16T03:45:50.546Z", "updated_at": "2025-05-16T03:45:50.546Z"}}, {"model": "appointments.notification", "pk": 73, "fields": {"recipient": 36, "title": "New Note From Patient", "message": "You have a new note from Stephen Thomas", "notification_type": "doctor_note", "related_link": "/doctor-notes/", "is_read": false, "created_at": "2025-05-16T03:49:21.095Z", "updated_at": "2025-05-16T03:49:21.095Z"}}, {"model": "appointments.notification", "pk": 74, "fields": {"recipient": 39, "title": "Appointment Accepted", "message": "Your appointment with Dr. Chloe Evans has been accepted.", "notification_type": "appointment", "related_link": "/appointments/41/", "is_read": false, "created_at": "2025-05-16T04:40:02.445Z", "updated_at": "2025-05-16T04:40:02.445Z"}}, {"model": "appointments.notification", "pk": 75, "fields": {"recipient": 39, "title": "Payment Successful", "message": "Your payment for appointment with Dr. Chloe Evans has been completed successfully.", "notification_type": "system", "related_link": "/appointments/41/", "is_read": false, "created_at": "2025-05-16T04:41:48.726Z", "updated_at": "2025-05-16T04:41:48.726Z"}}, {"model": "appointments.notification", "pk": 76, "fields": {"recipient": 40, "title": "Payment Received", "message": "Payment received from Stephen Thomas for appointment on 2025-05-20.", "notification_type": "system", "related_link": "/appointments/41/", "is_read": false, "created_at": "2025-05-16T04:41:48.735Z", "updated_at": "2025-05-16T04:41:48.735Z"}}, {"model": "appointments.note", "pk": 2, "fields": {"patient": 17, "title": "Symptoms ", "content": "Mental Health", "category": "MEDICATION", "share_with_doctor": false, "created_at": "2025-05-09T16:54:47.106Z", "updated_at": "2025-05-09T17:06:54.503Z"}}, {"model": "appointments.doctorpatientnote", "pk": 1, "fields": {"patient": 17, "doctor": 3, "message": "I am having these Muscle Weakness and Pain , Puffiness and Discoloration Around the Eyes", "reply": "It might be Symptoms of Myositis.\r\n", "created_at": "2025-05-09T16:47:11.440Z", "replied_at": "2025-05-09T16:48:11.934Z", "is_read_by_doctor": true, "is_read_by_patient": false}}, {"model": "appointments.doctorpatientnote", "pk": 2, "fields": {"patient": 17, "doctor": 3, "message": "Needed a appointment", "reply": "Please book from my slot", "created_at": "2025-05-09T16:54:00.340Z", "replied_at": "2025-05-09T16:55:43.759Z", "is_read_by_doctor": true, "is_read_by_patient": true}}, {"model": "appointments.doctorpatientnote", "pk": 3, "fields": {"patient": 39, "doctor": 17, "message": " I have been experiencing some symptoms recently and wanted to clarify a few doubts regarding my health. Could you please advise me on the best steps to take or whether a consultation is necessary?", "reply": " I recommend scheduling a consultation so I can better assess your symptoms and provide appropriate advice or treatment.\r\n\r\nPlease feel free to book an appointment at your earliest convenience. If it's urgent, kindly mention it during booking so we can prioritize.", "created_at": "2025-05-15T16:44:43.086Z", "replied_at": "2025-05-15T16:46:02.485Z", "is_read_by_doctor": true, "is_read_by_patient": false}}, {"model": "appointments.doctorpatientnote", "pk": 4, "fields": {"patient": 39, "doctor": 17, "message": "Okk Doctor\r\n", "reply": null, "created_at": "2025-05-16T03:49:21.077Z", "replied_at": null, "is_read_by_doctor": false, "is_read_by_patient": false}}]